Run, Event, particleType, px, py, pz, energy, pt
146436, 90626440, 1, -0.83237, -0.230856, 3.5804, 3.68577, 0.863791
146436, 90626440, 1, -0.861764, -0.158585, 1.78081, 1.98961, 0.876234
146436, 90626440, 1, -1.3114, -0.502622, 3.00195, 3.31717, 1.40442
146436, 90626440, 1, -1.51114, -0.747797, -0.779523, 1.86276, 1.68604
146436, 90626440, 1, -2.61449, -1.15748, 7.1421, 7.69444, 2.85925
146436, 90626440, 1, -3.12966, -1.6571, 2.89566, 4.57658, 3.54129
146436, 90626440, 1, -1.54125, -0.827204, 6.75978, 6.98383, 1.74921
146436, 90626440, 1, 0.310157, -0.344932, 0.220501, 0.532237, 0.46387
146436, 90626440, 1, -0.462184, 0.348596, 0.0720961, 0.599843, 0.578907
146436, 90626440, 1, -0.446925, 0.174472, 0.329154, 0.598335, 0.479773
146436, 90626440, 1, 0.463125, -0.168352, 1.24635, 1.34748, 0.492775
146436, 90626440, 1, -0.556107, -0.840647, 4.6349, 4.74528, 1.00794
146436, 90626440, 5, -0.383059, -0.820042, 3.29757, 3.41953, 0.905098
146436, 90626440, 1, -1.1531, -0.875338, 1.53519, 2.11474, 1.44771
146436, 90626440, 1, -0.487987, -0.548252, 0.251378, 0.788278, 0.733969
146436, 90626440, 1, -0.495638, -0.792732, 0.796946, 1.2364, 0.934923
146436, 90626440, 1, -0.571612, -0.354594, 1.10343, 1.29981, 0.672664
146436, 90626440, 1, -0.337282, -0.854271, 0.397919, 1.01062, 0.918444
146436, 90626440, 1, 0.383333, -0.139135, 1.54201, 1.60112, 0.407803
146436, 90626440, 1, 0.415767, -0.455495, 0.413755, 0.755653, 0.616716
146436, 90626440, 1, -0.358856, 0.214846, 0.322174, 0.546088, 0.418254
146436, 90626440, 1, 0.23674, 0.267159, 0.231334, 0.447677, 0.356959
146436, 90626440, 1, 0.315162, 0.0191319, 0.198271, 0.398101, 0.315743
146436, 90626440, 5, -0.317349, 1.87451, 18.2237, 18.3226, 1.90118
146436, 90626440, 1, 0.0160367, 0.704662, 4.74598, 4.80006, 0.704844
146436, 90626440, 5, 0.154659, 0.58159, 5.75189, 5.78329, 0.601803
146436, 90626440, 1, -0.349489, -1.01476, 1.45713, 1.8151, 1.07325
146436, 90626440, 1, -0.17146, -1.80848, -0.0913401, 1.82423, 1.81659
146436, 90626440, 1, -0.165447, -1.05029, -0.454215, 1.16459, 1.06324
146436, 90626440, 1, -0.171232, -1.69395, -0.900293, 1.93101, 1.70259
146436, 90626440, 1, -0.0416412, -1.54792, -0.624606, 1.67553, 1.54848
146436, 90626440, 1, -0.179595, -3.44162, -1.58973, 3.79785, 3.4463
146436, 90626440, 3, -0.313726, -8.06761, -3.03891, 8.62733, 8.07371
146436, 90626440, 1, 0.0178455, -1.20036, -1.3907, 1.84247, 1.20049
146436, 90626440, 1, 0.123846, -1.05938, -0.612181, 1.23769, 1.0666
146436, 90626440, 1, 0.17574, -0.553077, 0.244563, 0.645034, 0.580326
146436, 90626440, 1, 0.298531, -0.512922, -0.10534, 0.618697, 0.593473
146436, 90626440, 1, 0.575816, -0.972232, 1.22468, 1.67216, 1.12995
146436, 90626440, 1, 0.360587, -0.521932, -0.348616, 0.73719, 0.634378
146436, 90626440, 1, 2.6502, -0.435845, 10.8855, 11.2128, 2.6858
146436, 90626440, 1, 0.70059, -0.0795842, 0.396414, 0.820844, 0.705096
146436, 90626440, 1, 0.841242, -0.174568, -0.134404, 0.880741, 0.859163
146436, 90626440, 1, 1.37114, 0.236234, 0.386233, 1.45069, 1.39134
146436, 90626440, 1, 0.608628, 0.147569, -0.867262, 1.07881, 0.626262
146436, 90626440, 1, 1.07403, 0.434314, 0.0322822, 1.16734, 1.15852
146436, 90626440, 1, 1.41116, 0.71321, -0.11802, 1.59168, 1.58115
146436, 90626440, 1, 0.431818, 0.408097, -1.49575, 1.61548, 0.594146
146436, 90626440, 1, 0.613585, 0.764451, -0.911136, 1.34556, 0.980241
146436, 90626440, 1, 1.90418, 2.67808, 1.37138, 3.56345, 3.28603
146436, 90626440, 1, 0.282728, 0.480035, 0.985214, 1.14039, 0.557108
146436, 90626440, 1, 0.00599178, 0.358086, 0.597822, 0.710727, 0.358136
146436, 90626440, 1, 0.330764, 0.291173, 0.156025, 0.487863, 0.440666
146436, 90626440, 5, -0.48189, 0.128648, 4.25729, 4.28641, 0.498767
146436, 90626440, 1, 0.615634, 0.438627, 0.417259, 0.874633, 0.755909
146436, 90626440, 1, -0.214127, 0.425252, 0.625341, 0.798261, 0.476119
146436, 90626440, 1, 0.303653, 0.836807, -0.789599, 1.19808, 0.890197
146436, 90626440, 1, 0.178418, 0.610602, 1.18456, 1.35179, 0.636135
146436, 90626440, 1, 0.0681151, 0.855121, -0.311422, 0.92322, 0.85783
146436, 90626440, 1, -0.219205, 1.65935, 1.76826, 2.4388, 1.67377
146436, 90626440, 4, -0.0716315, 0.104011, 0.143111, 0.190866, 0.12629
146436, 90626440, 1, -0.695409, 1.27356, 3.2181, 3.53287, 1.45105
146436, 90626440, 1, -0.444663, 0.488944, -0.43372, 0.802735, 0.660902
146436, 90626440, 1, -0.554927, 0.391056, -0.408091, 0.804293, 0.678873
146436, 90626440, 1, -0.723239, 0.451655, 0.901306, 1.24856, 0.852682
146436, 90626440, 1, -1.01173, 0.626407, -1.39393, 1.83808, 1.18995
146436, 90626440, 1, -1.26898, 0.0806966, -1.2435, 1.78398, 1.27155
146436, 90626440, 1, -0.724418, -0.469007, 4.82859, 4.90709, 0.862989
146436, 90626440, 1, -0.0587239, -0.714412, 2.89975, 2.9903, 0.716822
146436, 90626440, 1, 0.0642228, -0.688329, 3.13075, 3.2092, 0.691319
146436, 90626440, 1, 0.424275, 0.206851, 1.55704, 1.63299, 0.472013
146436, 90626440, 1, 0.730357, -0.0105075, 4.55259, 4.61292, 0.730433
146436, 90626440, 1, 0.144985, 0.938478, 6.75368, 6.82154, 0.949612
146436, 90626440, 1, -1.18134, 0.955753, 9.24841, 9.37346, 1.51955
146436, 90626440, 1, 0.517134, -0.293912, -0.0266356, 0.611556, 0.594821
146436, 90626440, 1, -0.369245, -0.54122, -3.30522, 3.37242, 0.65518
146436, 90626440, 1, 0.247628, -0.649957, -3.46117, 3.53312, 0.695531
146436, 90626440, 1, -0.663904, -0.52014, -4.66433, 4.74202, 0.843394
146436, 90626440, 1, 0.286863, -0.61075, -3.21147, 3.28456, 0.674764
146436, 90626440, 1, -0.574953, 0.218739, -1.78823, 1.89622, 0.615157
146436, 90626440, 1, 0.966689, -0.478384, -5.05337, 5.16908, 1.07858
146436, 90626440, 1, -0.57513, -0.00606644, 0.242399, 0.639569, 0.575162
146436, 90626440, 1, -0.716114, -0.285759, 1.43675, 1.63652, 0.771023
146436, 90626440, 1, -0.339227, -0.593696, -1.07097, 1.27828, 0.683777
146436, 90626440, 1, 0.0513007, -0.563039, -1.26508, 1.39268, 0.565371
146436, 90626440, 1, -0.332982, 0.1946, 1.0569, 1.1337, 0.385677
146436, 90626440, 1, -0.316485, -0.0754882, 1.54816, 1.58813, 0.325363
146436, 90626440, 1, 0.517971, 0.0752551, 1.0183, 1.15342, 0.523409
146436, 90626440, 5, -0.0251242, -0.721691, 5.80686, 5.85159, 0.722128
146436, 90626440, 1, 1.1765, 0.253537, 0.810882, 1.45789, 1.20351
146436, 90626440, 1, 0.548782, 0.0720417, -0.675116, 0.884089, 0.55349
146436, 90626440, 1, 0.364312, 0.36173, -0.183734, 0.562859, 0.513392
146436, 90626440, 1, 0.1768, 0.403061, -0.321177, 0.562451, 0.440133
146436, 90626440, 5, 0.43309, 0.0609922, -2.81335, 2.84715, 0.437364
146436, 90626440, 1, 0.099264, 0.573001, -1.16899, 1.31309, 0.581536
146436, 90626440, 1, 0.0846647, 0.510075, -0.21905, 0.578626, 0.517054
146436, 90626440, 1, -0.189132, 0.37665, -0.405868, 0.601535, 0.421469
146436, 90626440, 1, -0.541503, 0.28538, 0.0367364, 0.628886, 0.612101
146436, 90626440, 1, -0.525169, 0.00624234, -0.276862, 0.609896, 0.525206
146436, 90626440, 1, -0.0407348, 0.257187, -1.4128, 1.44336, 0.260393
146436, 90626440, 1, 0.42488, 0.383546, -0.68195, 0.901202, 0.57239
146436, 90626440, 5, 0.250278, 0.116827, -2.54703, 2.56196, 0.276202
146436, 90626440, 1, -0.297824, -0.353532, -0.558174, 0.738053, 0.46226
146436, 90626440, 1, 1.08704, -0.278484, -1.71012, 2.05017, 1.12214
146436, 90626440, 1, -1.10524, -0.981126, 9.58487, 9.69914, 1.4779
146436, 90626440, 4, -0.208675, -0.279281, 2.2305, 2.25758, 0.34863
146436, 90626440, 1, 0.306579, -0.261664, -1.19613, 1.2699, 0.403062
146436, 90626440, 1, 0.347384, -0.394221, -1.12084, 1.24574, 0.525439
146436, 90626440, 5, 0.341489, 0.735692, -7.4679, 7.51182, 0.811084
146436, 90626440, 5, -0.295189, 2.39227, -20.7095, 20.8493, 2.41041
146436, 90626440, 5, -0.135659, 0.289569, -2.46636, 2.487, 0.319772
146436, 90626440, 1, 0.586181, -0.0570876, -1.61754, 1.72707, 0.588954
146436, 90626440, 1, -0.44417, 0.132285, -2.31882, 2.3688, 0.463451
146436, 90626440, 1, 0.561778, 0.403784, -3.16681, 3.2445, 0.691835
146436, 90626440, 1, -0.721231, -0.204665, -3.23628, 3.32491, 0.749708
146436, 90626440, 4, -0.0645275, 0.0180917, -0.289002, 0.296671, 0.0670158
146436, 90626440, 1, -0.0317902, -0.429873, 0.162194, 0.481236, 0.431047
146436, 90626440, 1, 0.607281, -0.0661938, 0.328263, 0.707395, 0.610878
146436, 90626440, 1, -0.315518, 0.268952, 0.259995, 0.508885, 0.414593
146436, 90626440, 1, -0.473787, 0.220586, 0.794793, 0.96141, 0.52262
146436, 90626440, 4, 0.187658, 0.0784146, 1.15267, 1.17048, 0.203382
146436, 90626440, 1, -0.481922, 0.0840206, 1.72206, 1.79563, 0.489191
146436, 90626440, 1, -0.142575, -0.421766, 0.570131, 0.736711, 0.445212
146436, 90626440, 5, 4.51285, -2.92767, 51.0691, 51.3516, 5.37932
146436, 90626440, 1, -0.0883782, 0.382423, 0.460819, 0.621202, 0.392502
146436, 90626440, 1, 0.0940091, 0.32787, 0.526422, 0.642601, 0.341081
146436, 90626440, 1, -0.35314, -0.325039, 1.23335, 1.33079, 0.479956
146436, 90626440, 1, -0.212641, -0.235243, 0.112263, 0.364196, 0.317105
146436, 90626440, 5, 0.645194, -0.173528, 5.36178, 5.40325, 0.668122
146436, 90626440, 1, 0.297949, 0.0768782, 0.322266, 0.466925, 0.307708
146436, 90626440, 1, 0.313676, 0.0726642, 0.00917394, 0.351051, 0.321982
146436, 90626440, 5, 0.714188, -0.722845, 8.69905, 8.7582, 1.01615
146436, 90626440, 1, -0.618522, -1.05225, -0.948388, 1.552, 1.22057
146436, 90626440, 1, -0.140214, -0.386808, 0.356156, 0.561789, 0.411436
146436, 90626440, 1, -0.00900374, -0.502305, -1.16758, 1.27872, 0.502386
146436, 90626440, 1, 0.305374, 0.09667, -1.23139, 1.28, 0.320309
146436, 90626440, 1, -0.330265, -0.0987689, -0.51443, 0.634782, 0.344717
146436, 90626440, 1, 0.315674, 0.0587588, -0.0700462, 0.357056, 0.321096
146436, 90626440, 1, 0.297341, -0.297655, -0.620713, 0.762741, 0.420726
146436, 90626440, 1, -0.349609, 0.296511, 0.857452, 0.982268, 0.458417
146436, 90626440, 1, -0.917923, -0.15679, 0.7166, 1.18328, 0.931218
146436, 90626440, 1, 0.529573, 0.55433, -0.11218, 0.787269, 0.766635
146436, 90626440, 1, 0.517311, 0.179787, -1.72524, 1.81545, 0.547663
146436, 90626440, 1, -0.234723, -0.0730462, 0.285975, 0.40211, 0.245826
146436, 90626440, 1, -0.108241, -0.0366207, 0.258756, 0.315423, 0.114268
146436, 90626440, 1, -0.166454, -0.249921, 0.291151, 0.440927, 0.300279
146436, 90626440, 1, -0.0854476, -0.0285474, 0.177684, 0.243244, 0.0900902
146436, 90626440, 1, -0.0251142, -0.242044, 0.434289, 0.517013, 0.243343
146436, 90626440, 1, -0.054666, -0.111972, 0.0572911, 0.195674, 0.124604
146436, 90626440, 1, 0.0316847, -0.280504, 0.766084, 0.828282, 0.282288
146436, 90626440, 1, 0.0028421, -0.40765, 0.858334, 0.960418, 0.40766
146436, 90626440, 1, 0.110947, -0.191021, 0.0431388, 0.264838, 0.220904
146436, 90626440, 1, 0.0475092, -0.257244, -0.587171, 0.657785, 0.261595
146436, 90626440, 1, 0.109133, -0.177744, 0.704231, 0.747613, 0.208574
146436, 90626440, 1, 0.127515, -0.273721, -0.351883, 0.484236, 0.301966
146436, 90626440, 1, 0.0865115, -0.00308608, -0.22427, 0.277976, 0.0865666
146436, 90626440, 1, 0.105564, -0.0712686, -0.185196, 0.264576, 0.127369
146436, 90626440, 1, 0.25519, -0.0561736, 1.0843, 1.12404, 0.261299
146436, 90626440, 1, 0.24015, -0.0342573, 0.246404, 0.372881, 0.242581
146436, 90626440, 4, -0.0401548, 0.514931, 4.33237, 4.36304, 0.516495
146436, 90626440, 1, 0.233353, 0.0578117, 0.617183, 0.676897, 0.240408
146436, 90626440, 1, 0.089491, -0.0171827, 0.235973, 0.288906, 0.0911256
146436, 90626440, 1, 0.205816, 0.0817365, 0.0938806, 0.27809, 0.221452
146436, 90626440, 1, 0.154844, 0.0678468, 0.515614, 0.560284, 0.169056
146436, 90626440, 1, 0.256256, 0.327219, 0.320083, 0.542837, 0.41562
146436, 90626440, 1, 0.117477, 0.215569, -0.391685, 0.482874, 0.245501
146436, 90626440, 4, -0.172085, 0.078393, -1.57501, 1.58633, 0.189099
146436, 90626440, 1, 0.0558879, 0.0593377, 0.373478, 0.406952, 0.0815133
146436, 90626440, 1, 0.0219162, 0.252674, 0.691006, 0.749196, 0.253623
146436, 90626440, 1, -0.0205269, 0.149569, 0.503338, 0.54371, 0.150971
146436, 90626440, 1, -0.0648567, 0.250165, 1.00039, 1.04262, 0.258436
146436, 90626440, 4, 0.41994, -0.0345005, 3.0319, 3.06104, 0.421355
146436, 90626440, 1, -0.0983248, 0.28212, 0.109055, 0.347322, 0.298764
146436, 90626440, 1, -0.153368, 0.518867, 1.23618, 1.3566, 0.541058
146436, 90626440, 1, 0.0127199, 0.12557, -0.243495, 0.307732, 0.126212
146436, 90626440, 1, -0.153729, 0.220982, 0.77627, 0.833391, 0.269194
146436, 90626440, 1, -0.229223, 0.153693, 0.642742, 0.713276, 0.27598
146436, 90626440, 1, -0.237007, 0.125859, -0.177448, 0.350686, 0.268352
146436, 90626440, 1, -0.116567, 0.00417858, 0.218976, 0.284667, 0.116642
146436, 90626440, 1, -0.22652, 0.145653, 0.0918097, 0.316915, 0.269307
146436, 90626440, 1, 0.0768775, -0.206399, 1.03534, 1.06767, 0.220252
146436, 90626440, 1, 0.363637, 0.329699, 2.24356, 2.30087, 0.49085
146436, 90626440, 4, 0.0815624, -0.0104023, 0.40953, 0.417703, 0.082223
146436, 90626440, 1, 0.25446, -0.0347145, -0.980837, 1.02346, 0.256817
146436, 90626440, 1, -0.0936231, 0.150998, -0.913891, 0.941404, 0.177667
146436, 90626440, 1, 0.216056, -0.143125, -0.0885819, 0.307395, 0.259162
146436, 90626440, 5, -0.16496, -0.164581, -2.13822, 2.15088, 0.23302
146436, 90626440, 1, -0.253179, 0.0503656, 0.00120044, 0.293458, 0.25814
146436, 90626440, 1, 0.0249079, -0.342278, -0.10428, 0.384875, 0.343183
146436, 90626440, 1, 0.26644, -0.0571629, 0.00520532, 0.30621, 0.272503
146436, 90626440, 1, 0.128636, 0.310543, 0.0252835, 0.364833, 0.336131
146436, 90626440, 1, 2.00819, -0.511216, 9.04699, 9.28233, 2.07224
146436, 90626440, 1, 0.316811, 0.0452303, -1.59144, 1.62929, 0.320023
146436, 90626440, 1, -0.505309, -0.161381, 0.785722, 0.958238, 0.530453
146436, 90626440, 1, -0.278566, 0.71598, 1.55631, 1.7412, 0.768262
146436, 90626440, 1, -0.475829, -0.776451, 1.88346, 2.09671, 0.910654
146436, 90626440, 1, 0.350296, -0.420408, -0.900594, 1.06301, 0.547221
146436, 90626440, 1, -0.000806381, 0.601957, 0.732944, 0.958665, 0.601957
146436, 90626440, 1, 0.217091, 1.0941, 0.905625, 1.44354, 1.11543
146436, 90626440, 1, 0.135895, 0.633849, 0.779233, 1.02319, 0.648253
146436, 90626440, 1, 0.159179, 0.15871, 0.664795, 0.715513, 0.224781
146436, 90626440, 1, -0.28581, -0.759877, 2.39076, 2.5287, 0.81185
146436, 90626440, 1, 0.770587, 0.0133286, 0.928108, 1.21443, 0.770702
146436, 90626440, 1, -1.55313, 1.25492, 10.1651, 10.3603, 1.99676
146436, 90626440, 1, -0.105841, 0.942647, 4.43956, 4.54191, 0.948571
146436, 90626440, 1, -0.265255, -0.186427, -0.993263, 1.05412, 0.324215
146436, 90626440, 1, 0.246087, 0.188067, -1.69879, 1.73243, 0.309722
146436, 90626440, 4, 0.674161, -0.240385, -4.08772, 4.14991, 0.715736
146436, 90626440, 1, -0.277334, 0.676587, -3.20849, 3.29371, 0.731221
146436, 90626440, 1, -0.305828, -1.74407, -0.341079, 1.80863, 1.77068
146436, 90626440, 1, 0.0864939, 0.442088, 0.642532, 0.797026, 0.45047
146436, 90626440, 1, 0.0945877, 0.47946, 0.272981, 0.576912, 0.488701
146436, 90626440, 1, 0.438137, 2.23217, -1.31248, 2.62995, 2.27476
146436, 90626440, 1, -0.571178, -0.36336, -0.53214, 0.872312, 0.67696
146436, 90626440, 4, 2.03732, -0.506561, 14.6192, 14.7691, 2.09935
146436, 90626440, 4, -0.720057, -0.353461, -6.0533, 6.10621, 0.802133
146436, 90626440, 4, -0.529989, -0.244484, -4.00449, 4.0468, 0.583662
146436, 90626440, 4, -1.28294, 0.431409, -4.73641, 4.92601, 1.35353
146436, 90626440, 4, -0.205168, -1.02846, 2.74049, 2.9343, 1.04872
146436, 90626440, 4, 0.18604, -1.59031, 4.26385, 4.55457, 1.60116
146436, 90626440, 4, 0.0558802, 0.214567, 0.812915, 0.842611, 0.221724
146436, 90626440, 4, -0.112832, -0.109371, 0.680692, 0.698595, 0.15714
146436, 90626440, 7, -0.194144, 1.05977, 84.8983, 84.9051, 1.07741
146436, 90626440, 6, -0.0732036, 0.402792, 25.9927, 25.9959, 0.40939
146436, 90626440, 7, 0.0175891, 0.102629, 6.48123, 6.48207, 0.104125
146436, 90626440, 7, 0.151674, 0.265006, 19.0346, 19.0371, 0.305341
146436, 90626440, 7, 0.127532, 0.183254, 11.6754, 11.6775, 0.223263
146436, 90626440, 6, 0.522508, 0.750059, 40.9276, 40.9378, 0.914113
146436, 90626440, 7, 0.050518, 0.109151, 5.26752, 5.2689, 0.120275
146436, 90626440, 6, 0.721615, 0.724339, 45.7953, 45.8067, 1.02245
146436, 90626440, 7, 0.313523, 0.220139, 16.7965, 16.8009, 0.38309
146436, 90626440, 7, 0.210047, 0.0981197, 10.1665, 10.1692, 0.231835
146436, 90626440, 7, 0.0567938, 0.0152198, 2.57859, 2.57926, 0.0587978
146436, 90626440, 7, 0.0753217, 0.00654328, 3.31552, 3.31638, 0.0756054
146436, 90626440, 7, 0.123809, -0.0109865, 5.44984, 5.45125, 0.124295
146436, 90626440, 7, 0.0644917, -0.0174069, 2.92809, 2.92885, 0.0667995
146436, 90626440, 7, 0.0455349, -0.0213643, 2.20394, 2.20451, 0.0502977
146436, 90626440, 7, 0.309777, -0.145199, 12.5891, 12.5938, 0.342118
146436, 90626440, 6, 0.371359, -0.17392, 12.9364, 12.9429, 0.410068
146436, 90626440, 7, 0.296037, -0.138548, 8.46356, 8.46987, 0.326854
146436, 90626440, 6, 0.443698, -0.311784, 14.3448, 14.3551, 0.542289
146436, 90626440, 7, 0.0821722, -0.00727532, 3.0372, 3.03832, 0.0824937
146436, 90626440, 7, 0.069033, 0.0060038, 2.55155, 2.55249, 0.0692936
146436, 90626440, 7, 0.247548, 0.0663374, 9.43731, 9.44079, 0.256282
146436, 90626440, 6, 0.279024, 0.130304, 11.587, 11.5911, 0.307951
146436, 90626440, 7, 0.0630147, 0.00546662, 3.31101, 3.31162, 0.0632514
146436, 90626440, 6, 0.219027, 0.153871, 14.3147, 14.3172, 0.267673
146436, 90626440, 6, 0.631994, 0.633997, 33.6699, 33.6818, 0.895193
146436, 90626440, 6, 0.14744, 0.558849, 30.848, 30.8534, 0.577971
146436, 90626440, 6, -0.0608601, 0.223188, 12.3198, 12.322, 0.231337
146436, 90626440, 7, 0.510737, 0.512665, -31.2919, 31.3003, 0.723656
146436, 90626440, 7, 0.131436, 0.188677, -9.93937, 9.94203, 0.229944
146436, 90626440, 7, 0.0363835, 0.0786113, -3.74255, 3.74355, 0.0866227
146436, 90626440, 7, 0.0088741, 0.0335512, -1.49863, 1.49904, 0.034705
146436, 90626440, 7, 0.00806234, 0.0960138, -4.15822, 4.15934, 0.0963517
146436, 90626440, 7, 0.00891489, 0.10546, -3.83674, 3.8382, 0.105836
146436, 90626440, 7, 0.00786632, 0.0925356, -2.82521, 2.82674, 0.0928693
146436, 90626440, 7, 0.026801, 0.10094, -3.17845, 3.18016, 0.104437
146436, 90626440, 7, 0.181289, 0.681777, -18.01, 18.0238, 0.705469
146436, 90626440, 7, 0.0355438, 0.050981, -2.25599, 2.25685, 0.0621484
146436, 90626440, 7, 0.515052, 0.361643, -27.221, 27.2283, 0.629336
146436, 90626440, 7, 0.102209, 0.0718042, -6.44904, 6.45025, 0.12491
146436, 90626440, 7, 0.0496192, 0.0231866, -2.8283, 2.82883, 0.0547693
146436, 90626440, 6, 0.122975, 0.0329562, -6.72059, 6.72179, 0.127314
146436, 90626440, 6, 0.405602, 0.14786, -27.1797, 27.1831, 0.431712
146436, 90626440, 7, 0.128375, 0.108218, -10.3367, 10.3381, 0.167902
146436, 90626440, 6, 0.0621204, 0.108537, -7.86104, 7.86204, 0.125057
146436, 90626440, 7, 0.00892945, 0.0521016, -3.24595, 3.24638, 0.0528612
146436, 90626440, 7, 0.0213168, 0.0373327, -3.35584, 3.35611, 0.0429899
146436, 90626440, 7, 0.0581702, 0.0490977, -5.95014, 5.95063, 0.0761207
146436, 90626440, 6, -0.136315, -1.52193, 40.3329, 40.3618, 1.52802
146436, 90626440, 6, -0.253854, 0.210679, 26.4465, 26.4486, 0.32989
146436, 90626440, 6, -0.212734, 0.0765249, 18.0951, 18.0965, 0.226079
146436, 90626440, 7, -0.193576, -0.000321156, 15.1481, 15.1493, 0.193576
146436, 90626440, 6, -0.139143, -0.000182313, 8.78608, 8.78718, 0.139143
146436, 90626440, 6, -0.278441, -0.101186, 18.7043, 18.7066, 0.296257
146436, 90626440, 7, -0.0266948, -0.0222973, 2.15008, 2.15036, 0.034782
146436, 90626440, 7, -0.0155754, -0.026746, 1.91525, 1.9155, 0.0309506
146436, 90626440, 7, -0.0139051, -0.0238231, 2.16238, 2.16256, 0.0275843
146436, 90626440, 7, -0.0235748, -0.129124, 10.3091, 10.31, 0.131259
146436, 90626440, 7, -0.14142, -0.117979, 14.4183, 14.4195, 0.184171
146436, 90626440, 7, -0.0414222, 0.0344571, 3.33626, 3.33669, 0.0538803
146436, 90626440, 7, 0.760304, -0.067079, -19.5045, 19.5195, 0.763258
146436, 90626440, 6, 0.334393, -0.0295498, -10.455, 10.4604, 0.335696
146436, 90626440, 7, 0.272518, 0.0237237, -8.33594, 8.34043, 0.273549
146436, 90626440, 7, 0.156131, 0.0135787, -5.69298, 5.69514, 0.15672
146436, 90626440, 7, 0.767088, -0.538464, 17.0846, 17.1103, 0.937212
146436, 90626440, 6, -0.232017, 0.395977, -36.3824, 36.3853, 0.458944
146436, 90626440, 6, -0.0310612, 0.169553, -13.6964, 13.6975, 0.172375
146436, 90626440, 6, -0.100443, 0.171957, -12.4543, 12.4559, 0.199143
146436, 90626440, 6, 0.0740041, -0.432956, -27.4968, 27.5003, 0.439235
146436, 90626440, 7, 0.020294, -0.0355659, -2.51249, 2.51282, 0.0409485
146436, 90626440, 7, 0.0962955, -0.169297, -15.1595, 15.1608, 0.194767
146436, 90626440, 6, 0.116145, -0.098541, -12.1433, 12.1442, 0.152315
146436, 90626440, 6, 0.0454207, -0.172555, -9.3777, 9.3794, 0.178433
146436, 90626440, 7, -0.356803, 0.355204, -15.2825, 15.2908, 0.503466
146436, 90626440, 6, 0.520446, 0.365131, 20.0648, 20.0748, 0.635756
146436, 90626440, 6, 0.319686, 0.224212, 10.3355, 10.3429, 0.390474
146436, 90626440, 7, 0.100331, 0.100555, 3.67891, 3.68165, 0.142048
146436, 90626440, 7, 0.109648, 0.157069, 4.95999, 4.96369, 0.191555
146436, 90626440, 7, 0.0780152, 0.0781611, 2.40053, 2.40307, 0.110433
146436, 90626440, 7, -0.538018, 0.536591, 13.827, 13.8478, 0.759864
146436, 90626440, 6, -0.656792, 0.65533, 14.4785, 14.5082, 0.927811
146436, 90626440, 7, -0.0631217, 0.089915, 1.67806, 1.68165, 0.109859
146436, 90626440, 6, -0.0455227, 0.502565, 18.9386, 18.9453, 0.504623
146436, 90626440, 7, -0.0147651, 0.0544268, 2.07013, 2.0709, 0.0563941
146436, 90626440, 6, -0.470409, 1.73744, 56.6685, 56.6971, 1.8
146436, 90626440, 7, -0.0158013, 0.175407, 5.42858, 5.43144, 0.176117
146436, 90626440, 7, 0.0150312, 0.176819, 5.47229, 5.47516, 0.177457
146436, 90626440, 7, 0.0727685, 0.156878, 5.337, 5.3398, 0.172933
146436, 90626440, 7, 0.0644242, 0.243067, 9.24508, 9.24849, 0.25146
146436, 90626440, 7, 0.0237328, 0.28075, 10.3536, 10.3575, 0.281751
146436, 90626440, 7, -0.0563768, 0.208574, 5.58506, 5.58923, 0.216059
146436, 90626440, 6, -0.169927, 0.362372, 10.5679, 10.5755, 0.400236
146436, 90626440, 7, -0.0840582, 0.179416, 4.29858, 4.30314, 0.198131
146436, 90626440, 6, -0.0904721, 0.335181, 7.69917, 7.70699, 0.347177
146436, 90626440, 7, -0.0197182, 0.220769, 4.81186, 4.81696, 0.221648
146436, 90626440, 7, -0.0628885, 0.233264, 4.39955, 4.40617, 0.241592
146436, 90626440, 6, -3.05052, -3.04576, 80.11, 80.2259, 4.31072
146436, 90626440, 7, -0.119061, -0.169675, 3.77033, 3.77603, 0.20728
146436, 90626440, 7, -0.0676031, -0.0963749, 1.7972, 1.80105, 0.117721
146436, 90626440, 7, -0.147111, -0.31466, 5.30369, 5.31505, 0.347351
146436, 90626440, 7, -0.0503415, -0.187035, 2.95802, 2.96435, 0.193691
146436, 90626440, 7, -0.0527888, -0.112959, 1.59715, 1.60201, 0.124685
146436, 90626440, 7, -0.298032, -0.424997, 6.64826, 6.66849, 0.519081
146436, 90626440, 6, -0.646862, -0.645658, 20.2365, 20.2571, 0.91395
146436, 90626440, 7, -0.161221, -0.160863, 5.87626, 5.88067, 0.227748
146436, 90626440, 7, -0.224679, -0.157066, 7.07197, 7.07728, 0.274135
146436, 90626440, 7, -0.056932, -0.0265203, 1.62006, 1.62128, 0.0628059
146436, 90626440, 7, -0.217024, -0.0581469, 5.79531, 5.79966, 0.224678
146436, 90626440, 6, -0.393079, -0.183136, 9.5996, 9.60939, 0.433647
146436, 90626440, 7, -0.0937213, -0.093474, 4.06915, 4.0713, 0.132367
146436, 90626440, 7, 0.20774, -0.209071, -12.7278, 12.7312, 0.294731
146436, 90626440, 7, 0.0453776, -0.0319648, -2.39825, 2.39889, 0.0555057
146436, 90626440, 7, 0.564057, 0.564799, -12.047, 12.0734, 0.798222
146436, 90626440, 7, 0.180664, 0.180947, -4.59978, 4.60689, 0.255697
146436, 90626440, 6, 0.576968, 0.404463, -12.9576, 12.9767, 0.704615
146436, 90626440, 7, 0.129668, 0.0605095, -2.57458, 2.57855, 0.143091
146436, 90626440, 7, 0.275016, 0.192833, -7.20376, 7.21159, 0.335885
146436, 90626440, 7, -0.441646, -0.0387995, -11.2817, 11.2904, 0.443347
146436, 90626440, 7, -0.262972, -0.0704579, -6.92759, 6.93294, 0.272248
146436, 90626440, 7, -0.206349, -0.14409, 10.9586, 10.9615, 0.251678
146436, 90626440, 7, -0.0901887, -0.0419819, 4.33086, 4.33201, 0.0994811
146436, 90626440, 6, -0.720385, -0.335426, 29.7173, 29.728, 0.794648
146436, 90626440, 7, -0.0912405, -0.156678, -11.0682, 11.0697, 0.181308
146436, 90626440, 7, -0.0191459, -0.0328019, -2.93722, 2.93746, 0.0379806
146436, 90626440, 7, -0.0557266, -0.0464897, -5.60489, 5.60536, 0.0725724
146436, 90626440, 7, -0.0872459, -0.0316922, -7.16456, 7.16516, 0.0928237
146436, 90626440, 6, 0.558002, -0.799366, -17.911, 17.9375, 0.97486
146436, 90626440, 6, 0.220958, -0.000371425, 17.8981, 17.8995, 0.220958
146436, 90626440, 7, -0.38301, 0.102186, 10.2277, 10.2354, 0.396407
146436, 90626440, 7, -0.123919, 0.0107504, 3.20874, 3.21115, 0.124384
146436, 90626440, 7, -0.152084, 0.0131724, 4.69177, 4.69425, 0.152653
146436, 90626440, 7, -0.0477815, -0.00420102, 1.47406, 1.47484, 0.0479658
146436, 90626440, 7, -0.083297, 0.00720071, 3.06022, 3.06136, 0.0836076
146436, 90626440, 7, -0.147186, 0.0682808, 5.94194, 5.94416, 0.162253
146436, 90626440, 7, -0.0701559, 0.0325956, 1.99636, 1.99786, 0.0773584
146436, 90626440, 7, -0.207531, 0.0964786, 4.95991, 4.96519, 0.228861
146436, 90626440, 7, -0.250537, 0.174907, 6.62344, 6.63049, 0.305551
146436, 90626440, 7, -0.442357, 0.205747, 8.87387, 8.88727, 0.487864
146436, 90626440, 7, 0.470726, 0.0410623, 8.61801, 8.63095, 0.472514
146436, 90626440, 7, -0.463157, -0.124096, -8.60096, 8.61432, 0.479493
146436, 90626440, 7, -0.223448, -0.0196064, -4.02361, 4.02985, 0.224306
146436, 90626440, 7, -0.166882, 0.0145138, -3.00503, 3.0097, 0.167512
146436, 90626440, 7, -0.26734, 0.0232243, -5.73542, 5.7417, 0.268347
146436, 90626440, 6, -1.41304, 0.377256, -31.9553, 31.9888, 1.46254
146436, 90626440, 6, -0.272527, 0.0727093, -7.33824, 7.34366, 0.28206
146436, 90626440, 7, -0.449928, -0.449433, -8.03427, 8.0594, 0.635944
146436, 90626440, 7, 0.665804, -0.31094, -7.80199, 7.83652, 0.734833
146436, 90626440, 7, -0.105227, -0.104759, -7.60547, 7.60692, 0.148483
146436, 90626440, 7, -0.0637363, -0.0634981, -3.86564, 3.86669, 0.0899685
146436, 90626440, 7, -0.0241843, -0.0343632, -1.80615, 1.80663, 0.0420204
146436, 90626440, 7, -0.485362, 0.129721, -7.56535, 7.58202, 0.502398
146436, 90626440, 7, -0.520783, 0.139245, -6.81042, 6.83172, 0.539077
146436, 90626440, 7, 0.0868125, 0.326076, 7.32994, 7.3377, 0.337434
146436, 90626440, 7, -0.138624, 0.137885, 7.16619, 7.16886, 0.195522
146436, 90626440, 7, -0.0480921, 0.0478766, 2.08804, 2.08914, 0.0678603
146436, 90626440, 7, -0.188085, 0.131144, 7.05263, 7.05635, 0.229292
146436, 90626440, 6, -0.483849, 0.48078, 30.3966, 30.4042, 0.682099
146436, 90626440, 7, -0.378822, 0.540033, 7.09228, 7.12289, 0.659653
146436, 90626440, 6, 0.307994, -1.15446, 15.6505, 15.696, 1.19484
146436, 90626440, 7, 0.101919, -0.381758, 4.24963, 4.26796, 0.395129
146436, 90626440, 7, 0.268901, -0.578012, 6.85742, 6.88699, 0.6375
146436, 90626440, 7, 0.0555382, -0.208349, 3.29511, 3.30216, 0.215624
146436, 90626440, 7, 0.0203593, -0.236179, 3.62179, 3.62954, 0.237054
146436, 90626440, 7, 0.00918049, -0.106804, 1.95166, 1.9546, 0.107198
146436, 90626440, 6, 0.176406, 0.148892, 18.6904, 18.6919, 0.230842
146436, 90626440, 6, 0.0431848, 0.503659, -11.0694, 11.0809, 0.505507
146436, 90626440, 7, 0.00875638, 0.101791, -1.8364, 1.83924, 0.102167
146436, 90626440, 7, -0.00974787, 0.1095, -1.97547, 1.97853, 0.109933
146436, 90626440, 7, -0.513422, 0.0447614, -5.46333, 5.48759, 0.51537
146436, 90626440, 7, 0.372543, -0.174033, 5.27515, 5.29115, 0.411188
146436, 90626440, 7, 0.235877, -0.0633384, 3.13362, 3.14312, 0.244233
146436, 90626440, 7, 0.252307, -0.0221662, 3.24994, 3.25979, 0.253279
146436, 90626440, 7, 0.120536, -0.0106961, -5.23421, 5.23561, 0.12101
146436, 90626440, 7, -0.0592893, 0.126139, -5.0446, 5.04652, 0.139378
146436, 90626440, 7, -0.0370802, 0.0789894, -2.65098, 2.65242, 0.0872598
146436, 90626440, 7, -0.0562992, 0.120059, -3.38025, 3.38285, 0.132604
146436, 90626440, 7, 0.192063, -0.134885, -5.03088, 5.03635, 0.234695
146436, 90626440, 7, 0.157734, -0.110839, -4.92328, 4.92706, 0.192783
146436, 90626440, 7, 0.0950638, -0.0954235, -3.43876, 3.44139, 0.134695
146436, 90626440, 7, -0.301322, 0.0805334, 4.76093, 4.77114, 0.311898
146436, 90626440, 7, 0.0722257, -0.155763, -4.38021, 4.38357, 0.171694
146436, 90626440, 7, 0.104647, 0.391791, 4.36337, 4.38217, 0.405526
146436, 90626440, 7, 0.0964203, 0.207154, 2.45887, 2.46947, 0.228494
146436, 90626440, 7, 0.19162, -0.274255, 4.29019, 4.30322, 0.334565
146436, 90626440, 7, 0.0990696, 0.099333, -4.27377, 4.27607, 0.140292
146436, 90626440, 7, -0.166889, 0.166446, -4.23117, 4.23773, 0.235704
146436, 90626440, 7, 0.129787, 0.185751, 4.13146, 4.13767, 0.226602
146436, 90626440, 7, -0.253483, 0.361443, -4.05522, 4.07918, 0.441468
146436, 90626440, 7, 0.217095, 0.217334, 3.94131, 3.95327, 0.307188
146436, 90626440, 7, 0.367461, -0.0322614, -3.91709, 3.93442, 0.368875
146436, 90626440, 7, -0.346593, -0.0928662, 3.85557, 3.87223, 0.358818
146436, 90626440, 7, 0.0715968, 0.154111, -3.64249, 3.64645, 0.16993
146436, 90626440, 7, -0.275628, 0.192713, -3.56618, 3.582, 0.336317
146436, 90626440, 7, 0.235363, 0.0205409, -3.56625, 3.57407, 0.236258
146436, 90626440, 7, -0.113477, -0.0793282, -3.52362, 3.52634, 0.138456
146436, 90626440, 7, 0.0696151, -0.26094, -3.41514, 3.4258, 0.270066
146436, 90626440, 7, 0.0973944, -0.209447, -2.92147, 2.93058, 0.230984
146436, 90626440, 7, 0.151725, 0.0406572, 3.41532, 3.41893, 0.157078
146436, 90626440, 7, -0.254733, -0.0223322, 3.27427, 3.28424, 0.25571
146436, 90626440, 7, 0.0805495, 0.0376166, -3.22933, 3.23055, 0.0889001
146436, 90626440, 7, -0.0219963, -0.248491, 3.19653, 3.20625, 0.249463
146436, 90626440, 7, -0.0182503, 0.205579, 3.15459, 3.16133, 0.206387
146436, 90626440, 7, -0.010979, 0.123962, 1.59549, 1.60033, 0.124447
146436, 90626440, 7, -0.0933591, -0.0434802, -3.12229, 3.12399, 0.102988
146436, 90626440, 7, 0.100896, -0.101216, 3.10456, 3.10785, 0.142915
146436, 90626440, 7, -0.0217084, -0.0801502, 3.04361, 3.04474, 0.083038
146436, 90626440, 7, 0.252593, 0.117837, 3.00039, 3.0133, 0.278727
146436, 90626440, 7, -0.0183329, -0.0675499, -3.01147, 3.01228, 0.0699934
146436, 90626440, 7, -0.125269, -0.0583629, -2.9535, 2.95673, 0.138198
146436, 90626440, 7, -0.0680598, -0.145503, -2.883, 2.88747, 0.160634
146436, 90626440, 7, -0.0526714, -0.00464665, -2.70689, 2.70741, 0.052876
146436, 90626440, 7, 0.101245, -0.00893247, 2.6328, 2.63476, 0.101638
146436, 90626440, 7, -0.0772269, 0.0358559, -2.58277, 2.58417, 0.0851448
146436, 90626440, 7, -0.111323, -0.00977345, 2.42094, 2.42351, 0.111751
146436, 90626440, 7, -0.0190142, 0.215107, -2.29151, 2.30166, 0.215945
146436, 90626440, 7, 0.0177849, 0.205313, -2.18718, 2.19686, 0.206082
146436, 90626440, 6, 0.163885, -0.164935, 10.4005, 10.4031, 0.232512
146436, 90626440, 7, 0.0801267, 0.0214715, -2.12009, 2.12172, 0.0829537
146436, 90626440, 7, 0.112836, 0.0790849, 2.10822, 2.11272, 0.137791
146436, 90626440, 7, 0.0549255, -0.0257235, -1.84719, 1.84819, 0.0606508
146436, 90626440, 7, 0.026107, -0.0184116, 1.66979, 1.67009, 0.0319463
146436, 90626440, 7, 0.0837338, -0.0391459, -1.66255, 1.66512, 0.0924324
146436, 90626440, 7, -0.0944936, -0.044036, 1.59109, 1.5945, 0.104251
146436, 90626440, 7, -0.0352491, -0.0246247, -1.55264, 1.55324, 0.0429985
146436, 90626440, 6, -0.0930854, -0.0651043, 2.15046, 2.15346, 0.113593
146436, 90626440, 6, -0.281999, -0.131402, 5.8893, 5.89751, 0.311111
146436, 90626440, 6, -0.150742, -0.0403885, 3.51952, 3.52298, 0.156059
146436, 90626440, 6, 3.11617, -2.18654, 59.4939, 59.6155, 3.80677
146436, 90626440, 6, -0.0304114, 0.0647833, 2.29443, 2.29554, 0.0715663
146436, 90626440, 6, -0.0576693, 0.0819337, 3.21083, 3.2124, 0.100194
146436, 90626440, 6, -0.125554, 0.17853, 5.76084, 5.76498, 0.218259
146436, 90626440, 6, 0.103176, 0.606707, 49.6648, 49.6686, 0.615417
146436, 90626440, 6, 0.230824, 0.404249, 37.6392, 37.6421, 0.465507
146436, 90626440, 6, 0.1656, 0.0603941, 14.2808, 14.2819, 0.176269
146436, 90626440, 6, 0.174883, -0.000231499, 11.3657, 11.3671, 0.174883
146436, 90626440, 6, 0.411567, -0.151194, 27.9483, 27.9517, 0.43846
146436, 90626440, 6, -0.4871, 0.226446, -11.7387, 11.751, 0.537163
146436, 90626440, 6, -0.0939894, 0.043669, -2.74831, 2.75026, 0.103639
146436, 90626440, 6, -0.137291, 0.0957923, -4.35744, 4.36066, 0.167406
146436, 90626440, 6, -0.129147, 0.128662, -4.83702, 4.84045, 0.182299
146436, 90626440, 6, -0.519536, -0.241964, 17.9975, 18.0066, 0.573118
146436, 90626440, 6, -0.244108, -0.0654025, 7.93569, 7.93971, 0.252717
146436, 90626440, 6, 0.352335, 0.353923, 26.6982, 26.7028, 0.499401
146436, 90626440, 6, 0.165643, 0.166084, 7.54078, 7.54443, 0.234566
146436, 90626440, 6, 0.0818563, 0.117326, 4.59781, 4.60004, 0.143059
146436, 90626440, 6, -0.787288, 0.209872, 25.5939, 25.6069, 0.814781
146436, 90626440, 6, -0.166429, 0.0443222, 6.44309, 6.44539, 0.17223
146436, 90626440, 6, 0.0537572, -0.317184, -25.5351, 25.5371, 0.321707
146436, 90626440, 6, -0.0160084, -0.0876815, -7.19339, 7.19394, 0.0891308
146436, 90626440, 6, 0.0129335, -0.0489929, -2.27508, 2.27564, 0.0506713
146436, 90626440, 6, -0.155356, 0.220245, 12.0179, 12.0209, 0.269525
146436, 90626440, 6, -0.0527676, 0.0747018, 4.95477, 4.95562, 0.0914591
146436, 90626440, 6, -0.0634409, 0.0629613, 4.83881, 4.83964, 0.0893805
146436, 90626440, 6, -0.184523, 0.128287, 11.9346, 11.9367, 0.224736
146436, 90626440, 6, -0.207994, 0.0962816, 12.165, 12.1671, 0.229198
146436, 90626440, 6, -0.225905, 0.0814645, 15.1751, 15.177, 0.240144
146436, 90626440, 6, -0.257409, -0.0935041, 21.8952, 21.8969, 0.273866
146436, 90626440, 6, -0.0628398, -0.0055437, 3.40802, 3.40861, 0.0630838
146436, 90626440, 6, -0.036686, 0.0626108, 5.82964, 5.83009, 0.072567
146436, 90626440, 6, -0.0502578, 0.0860404, 6.315, 6.31579, 0.0996434
146436, 90626440, 6, -0.0776184, 0.164586, 9.68336, 9.68506, 0.18197
146436, 90626440, 6, -0.00490091, 0.0533402, 2.90846, 2.90896, 0.0535649
146436, 90626440, 6, 0.0122731, 0.147351, 7.88624, 7.88763, 0.147861
146436, 90626440, 6, 0.018324, 0.039649, 2.3766, 2.37701, 0.0436785
146436, 90626440, 6, 0.0139291, 0.0526631, 2.48237, 2.48296, 0.0544741
146436, 90626440, 6, 0.017506, 0.208477, 9.35216, 9.3545, 0.209211
146436, 90626440, 6, 0.0713454, 0.835347, 22.162, 22.1779, 0.838388
146436, 90626440, 6, 0.179821, 0.676257, 18.5039, 18.5171, 0.699757
146436, 90626440, 6, 0.0546021, 0.205647, 6.7074, 6.71077, 0.212772
146436, 90626440, 6, 0.0324311, 0.378241, 8.58258, 8.59097, 0.379629
146436, 90626440, 6, 0.0987347, -0.000130698, -6.33369, 6.33446, 0.0987348
146436, 90626440, 6, 0.146917, -0.000246964, -11.7436, 11.7445, 0.146918
146436, 90626440, 6, -0.0507494, 0.0421181, -5.31673, 5.31714, 0.0659503
146436, 90626440, 6, -0.0699409, 0.0251592, -5.87063, 5.8711, 0.0743284
146436, 90626440, 6, -0.116406, -0.000193126, -9.18533, 9.18607, 0.116406
146436, 90626440, 6, 0.00473047, 0.0278167, -2.24701, 2.24719, 0.0282161
146436, 90626440, 6, -0.030527, 0.16797, -10.6962, 10.6976, 0.170721
146436, 90626440, 6, -0.033118, 0.0468843, -3.06942, 3.06996, 0.0574016
146436, 90626440, 6, -0.096159, 0.136323, -7.34037, 7.34227, 0.166824
146436, 90626440, 6, -0.290266, 0.411987, -18.6347, 18.6415, 0.503972
146436, 90626440, 6, -0.124043, 0.176234, -6.68933, 6.6928, 0.215511
146436, 90626440, 6, 0.293697, -0.207125, -18.9415, 18.9449, 0.359387
146436, 90626440, 6, 0.130282, -0.0611987, -7.59047, 7.59183, 0.14394
146436, 90626440, 6, 0.038672, -0.0389679, -2.94681, 2.94732, 0.0549001
146436, 90626440, 6, 1.33097, -0.357395, -17.8295, 17.8827, 1.37812
146436, 90626440, 6, -0.0630745, -0.706847, 15.7283, 15.7443, 0.709656
146436, 90626440, 6, 0.0178998, -0.20981, 5.66479, 5.6687, 0.210573
146436, 90626440, 6, 0.286744, -0.287829, 10.7439, 10.7515, 0.406285
146436, 90626440, 6, 0.246938, 0.0214518, -10.9605, 10.9633, 0.247868
146436, 90626440, 6, 0.0643962, -0.113215, 10.5007, 10.5015, 0.130248
146436, 90626440, 6, 0.0177492, -0.104726, 8.54378, 8.54444, 0.106219
146436, 90626440, 6, 0.47047, 0.219545, 9.85776, 9.87143, 0.519175
146436, 90626440, 6, 0.258659, 0.181324, 5.88667, 5.89514, 0.315884
146436, 90626440, 6, 0.220911, -0.0195589, -8.23336, 8.23635, 0.221775
146436, 90626440, 6, 0.116327, -0.116953, 6.19738, 6.19957, 0.164954
146436, 90626440, 6, 0.0793092, -0.113971, 5.31215, 5.31396, 0.13885
146436, 90626440, 6, 0.12856, -0.184562, 7.22114, 7.22465, 0.224925
146436, 90626440, 6, -0.204105, -0.0179621, -7.70529, 7.70801, 0.204894
146436, 90626440, 6, -0.166877, -0.014672, -5.19113, 5.19384, 0.16752
146436, 90626440, 6, -0.19963, -0.139511, -7.69191, 7.69576, 0.243548
146436, 90626440, 6, -0.142115, 0.303335, -7.3282, 7.33586, 0.334976
146436, 90626440, 6, -0.0838707, -0.0700544, -6.8116, 6.81248, 0.109279
146436, 90626440, 6, 0.076823, 0.165787, -6.777, 6.77946, 0.182721
146436, 90626440, 6, -0.149865, -0.557536, 6.34188, 6.3681, 0.577326
146436, 90626440, 6, 0.0405884, 0.469463, 6.29044, 6.30806, 0.471214
146436, 90626440, 6, -0.231829, -0.162107, -6.18005, 6.18652, 0.282884
146436, 90626440, 6, 0.12585, 0.180278, -5.84987, 5.854, 0.21986
146436, 90626440, 6, 0.0773255, 0.077674, -5.78201, 5.78304, 0.109601
146436, 90626440, 6, 0.0988165, 0.0264819, 5.47255, 5.47351, 0.102303
146436, 90626440, 6, 0.235867, 0.165315, -4.52842, 4.53757, 0.288032
146436, 90626440, 6, -0.016822, 0.187608, -5.00523, 5.00877, 0.188361
146436, 90626440, 6, 0.0329669, -0.124582, 4.92509, 4.92677, 0.12887
146436, 90626440, 6, -0.0761997, -0.108434, 4.24255, 4.24462, 0.13253
146436, 90626440, 6, -0.0447161, -0.0953929, 3.37366, 3.3753, 0.105353
146436, 90626440, 6, -0.044421, -0.0948432, 2.81454, 2.81649, 0.10473
146436, 90626440, 6, -0.0434869, -0.092678, 3.83256, 3.83392, 0.102373
146436, 90626440, 6, -0.029044, -0.0413019, 1.92507, 1.92573, 0.0504916
146436, 90626440, 6, -0.0801485, -0.171245, -4.21165, 4.21589, 0.189073
146436, 90626440, 6, -0.264484, 0.0230243, -4.16379, 4.17225, 0.265485
146436, 90626440, 6, 0.210959, -0.0566983, 4.14699, 4.15274, 0.218446
146436, 90626440, 6, 0.119843, 0.0104328, 3.7971, 3.799, 0.120296
146436, 90626440, 6, -0.0816554, -0.303779, -3.47482, 3.48902, 0.314562
146436, 90626440, 6, 0.210908, 0.147799, 3.44026, 3.44988, 0.257539
146436, 90626440, 6, 0.124048, 0.0108076, -3.31473, 3.31707, 0.124518
146436, 90626440, 6, -0.0818975, -0.0817161, -3.06735, 3.06953, 0.115692
146436, 90626440, 6, 0.107506, 0.0501746, -2.65057, 2.65322, 0.118638
146436, 90626440, 6, 0.104493, -0.0281005, -2.417, 2.41942, 0.108206
146436, 90626440, 6, 0.0431415, 0.0432783, -2.31128, 2.31209, 0.0611081
146436, 90626440, 5, -0.586699, 0.669026, -8.20246, 8.25058, 0.889838
146436, 90626440, 5, 0.470913, 0.673447, 3.39737, 3.49535, 0.82176
146436, 90626440, 5, -0.936519, -0.655111, -6.68437, 6.78138, 1.14291
146436, 90626440, 5, -0.45944, 0.039952, -2.94793, 2.98379, 0.461174
146436, 90626440, 5, 0.613266, -0.164605, 2.31644, 2.40189, 0.634972
146436, 90626440, 5, 0.05188, -0.599673, 2.48621, 2.55803, 0.601913
146436, 90626440, 5, -0.277663, 0.59413, 2.39028, 2.47861, 0.655811
146436, 90626440, 5, -1.02047, -0.42263, -1.75981, 2.07772, 1.10453
146436, 90626440, 5, -0.0674116, -1.52606, -0.845363, 1.74586, 1.52754
146436, 90626440, 5, -0.537214, -2.64148, -0.476201, 2.73729, 2.69555
146436, 90626440, 5, 0.108748, -0.829427, 1.39387, 1.62562, 0.836525
146436, 90626440, 5, 0.055114, 0.635935, 2.32756, 2.4135, 0.638319
146436, 90626440, 5, -0.645028, 0.83976, 1.0232, 1.47248, 1.05889
146436, 90626440, 5, 0.46235, 0.323978, 2.33445, 2.40175, 0.564561
146436, 90626440, 5, 0.866816, 0.273333, 2.22128, 2.40003, 0.90889
146436, 90626440, 5, -0.264434, 0.837117, -0.88079, 1.24358, 0.87789
146436, 90626440, 5, 0.766972, -0.0672824, 2.27408, 2.40088, 0.769918
146436, 90626440, 5, 0.703783, 0.768494, 0.366818, 1.10474, 1.04206
146436, 90626440, 5, 0.904266, 0.576292, -0.000952318, 1.07229, 1.07229
146436, 90626440, 5, -0.627591, 0.574563, 0.458996, 0.966784, 0.850878
146436, 90626440, 5, -0.243139, 0.769704, -0.0712285, 0.81033, 0.807193
146436, 90626440, 5, -0.161193, -0.51043, -0.606483, 0.808915, 0.535278
146436, 90626440, 4, 0.0190647, 4.28219, -38.9585, 39.1932, 4.28223
146436, 90626440, 4, -0.598475, 0.754252, 9.20543, 9.25565, 0.962844
146436, 90626440, 4, -0.172995, -0.601313, 5.00122, 5.04021, 0.625704
146436, 90626440, 4, 0.21684, 0.460731, -4.46831, 4.49723, 0.509208
146436, 90626440, 4, -0.825539, -1.55026, 3.8097, 4.19508, 1.75637
146436, 90626440, 4, -0.0698815, -3.23878, -1.15513, 3.43932, 3.23954
146436, 90626440, 4, -0.737473, -0.293368, 1.00716, 1.2823, 0.793682
146436, 90626440, 4, 0.22074, 0.581365, 1.05861, 1.22775, 0.621862
146436, 90626440, 4, -0.361082, -0.590008, -0.855953, 1.10052, 0.691729
146436, 90626440, 4, 0.391463, 0.277001, -2.16954, 2.22191, 0.479554
146436, 90626440, 4, 0.0978677, 0.532964, 0.705661, 0.889711, 0.541875
146436, 90626440, 4, -0.671011, -2.00345, -0.721272, 2.23255, 2.11283
146436, 90626440, 4, 0.782944, -0.119548, -0.452981, 0.912406, 0.792018
146436, 90626440, 4, -0.0177499, 0.202009, -0.727426, 0.755163, 0.202788
146436, 90626440, 4, -0.296611, -0.0750557, -1.11065, 1.15203, 0.305959
146436, 90626440, 4, -0.821109, -0.197453, 0.720644, 1.1102, 0.844516
146436, 90626440, 4, 0.482558, 0.383892, 0.360491, 0.714275, 0.616633
146436, 90626440, 4, -0.207526, -1.12889, -0.380755, 1.20931, 1.14781
146436, 90626440, 4, 0.34229, 0.284184, 0.741762, 0.864947, 0.444885
146436, 90626440, 4, 0.0375885, 0.484133, 0.414869, 0.638681, 0.48559
146436, 90626440, 4, 0.433657, -0.155794, -0.395003, 0.606925, 0.460793
146436, 90626440, 4, 0.117832, -0.268609, 0.612825, 0.679404, 0.293318
146436, 90626440, 4, 0.0926708, -0.364777, -0.385687, 0.538892, 0.376365
146436, 90626440, 4, 0.163196, 0.256667, 0.439327, 0.534339, 0.304156
146436, 90626440, 4, 0.265292, -0.0208807, 0.40979, 0.488614, 0.266113
146436, 90626440, 4, 0.107932, 0.414547, -0.166842, 0.459712, 0.428367
146436, 90626440, 4, -0.464637, -0.164962, -0.270327, 0.562296, 0.493052
146436, 90626440, 4, -0.191854, -0.369729, 0.39659, 0.575145, 0.416543
146436, 90626440, 4, 0.0360793, -0.215415, 0.370137, 0.429775, 0.218416
146436, 90626440, 4, 0.276349, -0.283287, -0.0387162, 0.397642, 0.395753
146436, 90626440, 4, 0.166639, 0.333505, 0.00330406, 0.372834, 0.37282
146436, 90626440, 4, 0.240447, -0.571915, -0.229004, 0.661321, 0.620405
146436, 90626440, 4, -0.476194, -0.0392085, -0.603166, 0.769485, 0.477805
146436, 90626440, 4, -0.0158204, -0.280667, 0.440566, 0.522612, 0.281112
146436, 90626440, 4, 0.0500141, -0.229627, -0.265149, 0.354308, 0.235011
146436, 90626440, 4, -0.185085, 0.288237, 0.0544869, 0.346851, 0.342545
146436, 90626440, 4, -0.215807, -0.142794, -0.21514, 0.336524, 0.258772
146436, 90626440, 4, -0.241071, -0.0635641, 0.195861, 0.317045, 0.249311
146436, 90626440, 4, -0.081882, -0.128072, -0.255429, 0.297239, 0.15201
146436, 90626440, 4, -0.47401, 0.183403, 0.223505, 0.555227, 0.508254
146436, 90626440, 4, -0.0996733, 0.313445, 0.469882, 0.573561, 0.328911
146436, 90626440, 4, 0.224169, 0.178234, 0.0301433, 0.287972, 0.28639
