149291,645047085,4.86583,-47.5194,79.6757,92.8977,47.7678,1.28447,-1.46876,1
149291,645047085,3.36515,-34.203,57.7938,67.2407,34.3681,1.29146,-1.47272,1
149291,645047085,2.28548,-3.57263,7.46241,8.58453,4.24112,1.33062,-1.00168,1
149291,645047085,-0.817513,-1.29111,1.83501,2.39207,1.52817,1.01648,-2.13526,1
149291,645047085,0.854202,-1.92586,3.14279,3.78619,2.1068,1.19017,-1.15333,1
149291,645047085,0.0813979,-1.88787,2.23507,2.92681,1.88962,1.00492,-1.52771,5
149291,645047085,-0.0617798,3.38492,15.1271,15.5019,3.38549,2.20243,1.58905,1
149291,645047085,0.103004,0.89798,4.01526,4.11574,0.903868,2.19676,1.45659,4
149291,645047085,0.40735,0.294737,1.96357,2.03172,0.502796,2.07149,0.626355,1
149291,645047085,-0.000696884,0.197667,1.0104,1.02956,0.197668,2.3341,1.57432,4
149291,645047085,-0.60345,-0.279241,-0.442049,0.810564,0.664926,-0.623599,-2.70819,1
149291,645047085,-0.959703,-0.597809,-0.110185,1.14456,1.13067,-0.0972979,-2.5845,1
149291,645047085,-0.848487,0.180484,-0.113136,0.874817,0.86747,-0.130054,2.932,4
149291,645047085,-0.937529,-0.928726,-0.633889,1.47064,1.31966,-0.463562,-2.36091,1
149291,645047085,-0.723473,-0.750681,0.434143,1.13793,1.04256,0.405237,-2.33774,1
149291,645047085,-0.119583,-0.603555,0.57163,0.851363,0.615287,0.830301,-1.76639,1
149291,645047085,-0.255033,-1.32359,-0.241571,1.3765,1.34793,-0.17827,-1.76115,1
149291,645047085,-0.140172,-0.788289,0.99877,1.28766,0.800655,1.04599,-1.74678,1
149291,645047085,-0.193292,-1.25213,-0.639558,1.42608,1.26696,-0.4855,-1.72396,1
149291,645047085,-0.0863231,-1.19047,-0.238169,1.2251,1.1936,-0.198238,-1.64318,1
149291,645047085,0.0360689,-1.29443,-1.64853,2.10095,1.29493,-1.06192,-1.54294,1
149291,645047085,-0.0225672,-0.568781,-0.489244,0.763453,0.569229,-0.778448,-1.61045,1
149291,645047085,0.245344,-2.7431,5.23623,5.91797,2.75405,1.3986,-1.48159,1
149291,645047085,0.0327101,-0.91061,-0.165876,0.93663,0.911198,-0.181051,-1.53489,1
149291,645047085,0.376866,-3.80921,6.17035,7.26256,3.82781,1.25532,-1.47218,1
149291,645047085,0.233991,-1.61467,2.31694,2.83718,1.63154,1.14961,-1.42688,1
149291,645047085,0.0509886,-0.0676155,0.126167,0.151953,0.0846858,1.18911,-0.924679,4
149291,645047085,0.359391,-2.03926,3.47189,4.0449,2.07069,1.28894,-1.39635,1
149291,645047085,0.407118,-1.09169,2.41796,2.68767,1.16513,1.4768,-1.21385,1
149291,645047085,0.657476,-0.745812,1.24214,1.59716,0.994239,1.04718,-0.848264,1
149291,645047085,0.61972,-0.816732,2.74171,2.93045,1.02523,1.71006,-0.921699,1
149291,645047085,0.927277,-0.592699,-0.81094,1.37413,1.10052,-0.682613,-0.568732,1
149291,645047085,1.03128,-0.56729,-0.261769,1.21382,1.17701,-0.220607,-0.502907,1
149291,645047085,0.318561,-0.0174873,1.06405,1.11958,0.319041,1.91942,-0.0548398,1
149291,645047085,-0.258452,0.738143,7.24157,7.28368,0.782083,2.92168,1.90759,5
149291,645047085,0.661449,-0.26483,0.976552,1.21687,0.712496,1.12078,-0.380833,1
149291,645047085,0.554162,-0.265482,0.928432,1.12207,0.614472,1.20082,-0.446764,1
149291,645047085,-0.157991,0.337535,2.39691,2.42571,0.372681,2.56035,2.00858,5
149291,645047085,0.916041,-0.174262,1.74447,1.98297,0.932469,1.38432,-0.187988,1
149291,645047085,1.64853,-0.318326,0.589768,1.78501,1.67898,0.344416,-0.19075,1
149291,645047085,2.20334,-2.40681,1.50912,3.59512,3.26304,0.447412,-0.829503,5
149291,645047085,-0.250482,7.86446,13.5466,15.6666,7.86845,1.31174,1.60264,1
149291,645047085,-1.01579,1.7366,3.39486,3.94869,2.01187,1.29442,2.10006,1
149291,645047085,-1.16288,1.37164,2.59463,3.15994,1.79824,1.16265,2.27401,1
149291,645047085,-2.51235,4.74108,7.25022,9.0208,5.3656,1.10931,2.05809,1
149291,645047085,0.095506,2.92645,4.16058,5.08951,2.92801,1.1501,1.53817,1
149291,645047085,0.851175,0.744309,1.24411,1.68694,1.13071,0.950544,0.718517,1
149291,645047085,-0.27378,3.69419,4.79688,6.0607,3.70432,1.07536,1.64477,4
149291,645047085,-0.151612,10.5623,13.3185,16.9996,10.5634,1.05434,1.58515,1
149291,645047085,0.126574,1.98265,2.49923,3.19266,1.98669,1.05257,1.50704,4
149291,645047085,0.128694,1.7123,2.13873,2.74275,1.71713,1.0448,1.49578,5
149291,645047085,-0.51016,3.30829,4.34312,5.48518,3.3474,1.0769,1.7238,1
149291,645047085,1.19144,-0.0406062,1.29655,1.76683,1.19213,0.941972,-0.0340684,1
149291,645047085,-1.9017,3.64843,5.26667,6.68321,4.1143,1.06625,2.05129,5
149291,645047085,0.666599,0.0113808,0.346643,0.764281,0.666697,0.498976,0.0170713,1
149291,645047085,1.03543,0.0910961,-0.890793,1.37601,1.03943,-0.776562,0.0877529,1
149291,645047085,0.146326,-1.16293,-6.3048,6.41369,1.1721,-2.38419,-1.44563,3
149291,645047085,0.591782,0.28464,-0.975257,1.18399,0.656678,-1.18649,0.448323,1
149291,645047085,0.763793,0.586096,1.56824,1.84547,0.962751,1.26421,0.654512,1
149291,645047085,0.501546,0.322668,-0.306493,0.684895,0.596375,-0.493633,0.571684,1
149291,645047085,-0.102032,0.379026,-1.86433,1.9052,0.392519,-2.26212,1.83376,5
149291,645047085,0.236908,0.467207,-2.87305,2.92375,0.523839,-2.4033,1.10151,1
149291,645047085,-0.65208,1.01193,-6.15022,6.26849,1.20383,-2.33357,2.14322,1
149291,645047085,0.384059,0.560562,-4.44099,4.49484,0.679508,-2.57621,0.970119,1
149291,645047085,-0.307745,0.366386,-1.4534,1.53648,0.478483,-1.83024,2.26943,1
149291,645047085,0.853162,1.11274,-5.36925,5.55102,1.40217,-2.05245,0.916679,1
149291,645047085,-0.240582,0.746946,-3.01865,3.1221,0.784734,-2.05685,1.88239,1
149291,645047085,1.12857,1.29523,4.30313,4.63548,1.71793,1.64902,0.854052,1
149291,645047085,0.830495,1.27496,3.84245,4.13511,1.52159,1.65658,0.993444,1
149291,645047085,0.845851,1.32966,-0.184116,1.59274,1.5759,-0.116568,1.00423,1
149291,645047085,-1.92253,1.91483,-10.5145,10.8599,2.71343,-2.06394,2.3582,1
149291,645047085,0.354929,0.566319,-0.172298,0.704172,0.66835,-0.255023,1.01095,1
149291,645047085,0.463715,2.39528,7.48071,7.86974,2.43975,1.83917,1.37957,1
149291,645047085,0.158723,0.304653,1.04297,1.09809,0.343521,1.82981,1.09049,4
149291,645047085,-0.0127022,0.554293,-1.21576,1.34349,0.554438,-1.52667,1.59371,1
149291,645047085,0.054636,0.80822,-0.306989,0.877454,0.810064,-0.370438,1.5033,1
149291,645047085,-0.228851,4.28221,4.70038,6.36417,4.28832,0.947714,1.62419,1
149291,645047085,-0.0997955,0.736048,0.679625,1.01641,0.742782,0.819954,1.70556,1
149291,645047085,0.111298,-0.191753,1.8833,1.89631,0.221713,2.83599,-1.04489,4
149291,645047085,-0.241246,2.26628,3.0229,3.78836,2.27909,1.09442,1.67685,1
149291,645047085,-0.768114,8.15825,15.8826,17.8724,8.19433,1.41567,1.66467,1
149291,645047085,-0.125797,0.707163,0.592364,0.941424,0.718265,0.751852,1.74684,1
149291,645047085,-0.385786,2.49274,4.1185,4.83158,2.52242,1.26622,1.72434,1
149291,645047085,-0.147208,0.574198,-1.88504,1.98096,0.592768,-1.8739,1.82176,1
149291,645047085,-0.817164,2.43945,4.89614,5.53266,2.57267,1.39946,1.89403,1
149291,645047085,-0.220167,0.30566,0.724075,0.816202,0.376698,1.40827,2.19502,4
149291,645047085,-1.18007,2.86302,-10.2622,10.7201,3.09669,-1.9133,1.96176,1
149291,645047085,-0.65145,0.621004,0.824552,1.22858,0.900019,0.820823,2.38012,1
149291,645047085,0.307921,-0.342622,0.585638,0.758061,0.460657,1.06084,-0.838689,1
149291,645047085,0.724222,-0.169459,6.43171,6.47457,0.743783,2.85372,-0.229852,5
149291,645047085,-1.68351,1.23431,3.27091,3.88279,2.08752,1.2313,2.50894,1
149291,645047085,-1.26728,1.17014,2.67637,3.18711,1.72489,1.22306,2.39602,1
149291,645047085,-1.07471,0.836289,3.26411,3.53953,1.36176,1.60828,2.48032,1
149291,645047085,-0.707033,0.456535,0.379382,0.933665,0.841617,0.436759,2.56824,1
149291,645047085,-0.493472,0.297885,-0.264225,0.649265,0.576411,-0.443694,2.59849,1
149291,645047085,-0.629424,0.226744,1.30733,1.47519,0.66902,1.42292,2.79582,1
149291,645047085,-0.583242,-0.647091,2.81782,2.9527,0.871147,1.89013,-2.30435,1
149291,645047085,-0.0467859,-0.00929425,0.168434,0.175058,0.0477001,1.97423,-2.94549,4
149291,645047085,-0.882919,-2.54305,13.8773,14.1367,2.69196,2.34241,-1.90497,1
149291,645047085,0.423961,-0.570089,3.58422,3.65662,0.710453,2.32122,-0.931356,1
149291,645047085,2.13799,-1.45848,9.76698,10.105,2.58808,2.03835,-0.59866,1
149291,645047085,0.867372,-0.426128,3.03021,3.18364,0.966395,1.86047,-0.456652,1
149291,645047085,-0.215672,1.58435,5.94427,6.15715,1.59896,2.02384,1.70609,1
149291,645047085,-0.834184,0.78286,5.56035,5.67853,1.144,2.2847,2.38792,1
149291,645047085,0.0622445,0.554432,-2.65383,2.71543,0.557916,-2.26357,1.459,1
149291,645047085,-0.57845,0.859941,-5.496,5.5946,1.03639,-2.3702,2.16294,1
149291,645047085,-0.409861,-0.192781,-0.275298,0.548105,0.452936,-0.575509,-2.70194,1
149291,645047085,-0.176449,-0.613251,1.19374,1.36077,0.638131,1.38426,-1.85096,1
149291,645047085,0.0113782,-0.41224,-1.64994,1.70641,0.412397,-2.09492,-1.5432,1
149291,645047085,0.135079,-0.485596,0.747568,0.912353,0.504034,1.18539,-1.29948,1
149291,645047085,0.200222,-0.311578,-0.397459,0.560913,0.370364,-0.932169,-0.999636,1
149291,645047085,0.314797,-0.315605,-1.26497,1.34845,0.445762,-1.76586,-0.786679,1
149291,645047085,0.367888,-0.05816,-0.0677933,0.403485,0.372457,-0.181026,-0.156794,1
149291,645047085,0.310598,0.382029,-0.726759,0.888863,0.492359,-1.18142,0.888165,1
149291,645047085,0.27789,0.719054,-1.74954,1.91693,0.770883,-1.55806,1.20201,1
149291,645047085,0.214317,0.456809,-0.830327,0.981595,0.504585,-1.27289,1.13212,1
149291,645047085,0.0719011,0.429301,-1.30166,1.37959,0.43528,-1.8154,1.40485,1
149291,645047085,-0.246569,11.5572,14.8344,18.8072,11.5599,1.06821,1.59213,1
149291,645047085,-0.0803706,1.08852,1.44421,1.81027,1.09148,1.0925,1.6445,4
149291,645047085,-4.3302,0.949055,-13.9357,14.6245,4.43298,-1.86292,2.92583,1
149291,645047085,0.217345,0.350303,-0.702467,0.826372,0.412251,-1.30284,1.01548,1
149291,645047085,-0.11376,0.612341,0.777519,1.00594,0.622819,1.04658,1.75448,1
149291,645047085,-0.37635,-0.101618,1.25785,1.32425,0.389827,1.8878,-2.87787,1
149291,645047085,0.696492,0.195228,2.23051,2.34901,0.723336,1.84457,0.273289,1
149291,645047085,0.188488,-0.11645,0.796962,0.827186,0.221559,1.99205,-0.553412,4
149291,645047085,0.790396,0.418542,3.33011,3.45094,0.894374,2.02535,0.486995,1
149291,645047085,-0.0677768,0.544189,1.56402,1.66324,0.548393,1.77058,1.6947,1
149291,645047085,-0.529108,0.0740412,2.24955,2.31633,0.534263,2.14455,3.00256,1
149291,645047085,-0.34228,-0.166917,-2.09119,2.13016,0.38081,-2.40452,-2.68786,1
149291,645047085,-0.408232,0.355549,-4.99701,5.02625,0.541358,-2.91858,2.42506,5
149291,645047085,-0.672234,0.626982,-3.06181,3.19987,0.919241,-1.91817,2.39101,1
149291,645047085,-0.425005,0.284687,2.02533,2.09359,0.511543,2.08478,2.55139,1
149291,645047085,-0.0432622,-0.535329,2.43253,2.49503,0.537074,2.21567,-1.65144,1
149291,645047085,0.347465,-0.354326,0.903566,1.04028,0.496265,1.36047,-0.795175,1
149291,645047085,-0.10437,0.32482,2.09974,2.13185,0.341176,2.51685,1.88169,1
149291,645047085,-2.14949,-0.530601,17.1232,17.2658,2.21402,2.74293,-2.89958,5
149291,645047085,-1.95378,-0.909765,19.8433,19.96,2.15521,2.91606,-2.70581,5
149291,645047085,-0.512721,-0.194537,2.55423,2.61616,0.548386,2.243,-2.77895,1
149291,645047085,-0.0859011,-0.760866,3.96781,4.04342,0.7657,2.34751,-1.68322,1
149291,645047085,0.198661,-0.570792,2.70362,2.77386,0.604375,2.20356,-1.23586,1
149291,645047085,-0.0166852,-1.32136,6.53616,6.66987,1.32146,2.30182,-1.58342,1
149291,645047085,0.648228,-0.638872,4.36261,4.45872,0.910141,2.27108,-0.778129,1
149291,645047085,0.702547,-0.0351129,-3.95801,4.02246,0.703424,-2.42849,-0.0499379,1
149291,645047085,0.427786,-1.94364,-11.419,11.5919,1.99016,-2.44772,-1.35415,1
149291,645047085,0.0841588,-0.19216,-1.20817,1.22624,0.209781,-2.45139,-1.158,4
149291,645047085,0.141095,-0.54811,-0.204125,0.61764,0.565979,-0.353265,-1.31885,1
149291,645047085,0.33912,-0.282953,0.137827,0.483261,0.441661,0.30721,-0.695352,1
149291,645047085,0.72117,0.763226,-0.0320315,1.05977,1.05005,-0.0305,0.813722,1
149291,645047085,0.312875,0.330391,0.708952,0.853898,0.455026,1.22654,0.812621,1
149291,645047085,0.252006,0.267905,0.703388,0.805925,0.367805,1.40376,0.815969,1
149291,645047085,-0.083717,0.369747,0.727196,0.831874,0.379106,1.40644,1.79346,1
149291,645047085,-0.148025,0.0364506,0.0512009,0.212935,0.152447,0.329847,2.90015,1
149291,645047085,-0.171118,-0.0965872,-0.410978,0.476438,0.196495,-1.48384,-2.62772,1
149291,645047085,-0.271657,-0.0654291,0.33435,0.457546,0.279426,1.01377,-2.90524,1
149291,645047085,-0.130451,-0.146498,-0.0686505,0.250343,0.196161,-0.343194,-2.29832,1
149291,645047085,-0.0975077,-0.238842,0.124076,0.318477,0.257979,0.464111,-1.9584,1
149291,645047085,-0.0366908,-0.306387,0.0239755,0.33952,0.308576,0.0776192,-1.68998,1
149291,645047085,0.0133209,-0.183221,0.412904,0.472987,0.183705,1.5492,-1.49822,1
149291,645047085,0.0388007,-0.213796,-0.145349,0.296345,0.217288,-0.627022,-1.39127,1
149291,645047085,0.053503,-0.221601,-0.179455,0.321953,0.227969,-0.722636,-1.33389,1
149291,645047085,0.138914,-0.258543,0.115845,0.345024,0.293499,0.385112,-1.07776,1
149291,645047085,0.232943,-0.182352,0.735826,0.805255,0.295829,1.64252,-0.664175,1
149291,645047085,0.0591493,-0.139342,-0.599184,0.633574,0.151376,-2.08453,-1.16936,1
149291,645047085,0.174809,-0.223815,-0.811429,0.870947,0.283992,-1.7723,-0.907721,1
149291,645047085,0.221903,-0.100328,0.484079,0.55957,0.243529,1.43815,-0.424619,1
149291,645047085,-0.0414403,-0.595192,4.15178,4.19443,0.596633,2.63826,-1.64031,4
149291,645047085,0.267969,-0.0559128,-0.517224,0.60161,0.27374,-1.39308,-0.205703,1
149291,645047085,0.219868,-0.105875,0.591197,0.654634,0.244031,1.61811,-0.44877,1
149291,645047085,0.323802,0.0979624,0.824415,0.901989,0.338296,1.62356,0.293784,1
149291,645047085,0.199078,0.0160586,0.0753233,0.255036,0.199724,0.368724,0.0804907,1
149291,645047085,0.130652,0.00857172,0.192058,0.271126,0.130932,1.17623,0.0655136,1
149291,645047085,0.298378,0.231918,-0.228077,0.462941,0.377909,-0.571844,0.660722,1
149291,645047085,0.0565703,-0.460127,-3.03226,3.06749,0.463591,-2.577,-1.44847,4
149291,645047085,0.324269,0.191881,0.478505,0.624832,0.376787,1.06,0.534319,1
149291,645047085,0.205851,0.18788,-0.24404,0.395865,0.2787,-0.790649,0.739788,1
149291,645047085,0.021728,0.226297,0.181945,0.322903,0.227337,0.732928,1.47507,1
149291,645047085,-0.240148,0.295523,-0.57656,0.704916,0.380795,-1.20256,2.25318,1
149291,645047085,-0.085368,0.189052,0.434858,0.501607,0.207433,1.48592,1.99494,1
149291,645047085,-0.196294,0.205309,-0.896465,0.950691,0.284047,-1.86667,2.33375,1
149291,645047085,-0.245865,0.239577,0.714248,0.804659,0.343288,1.47911,2.36915,1
149291,645047085,0.0558073,-1.33079,4.66136,4.84993,1.33196,1.96562,-1.52889,1
149291,645047085,0.253621,-0.182003,1.2591,1.3047,0.312168,2.10278,-0.622452,1
149291,645047085,0.159243,-0.071515,0.798842,0.829518,0.174564,2.22575,-0.4221,1
149291,645047085,0.0188999,0.165823,0.508892,0.553449,0.166896,1.83388,1.45731,1
149291,645047085,-0.117647,0.185498,0.750269,0.794125,0.21966,1.94227,2.136,1
149291,645047085,-0.113809,0.148257,0.656881,0.697069,0.186903,1.96971,2.2255,1
149291,645047085,-0.194707,-0.338022,1.67127,1.72186,0.390089,2.16146,-2.0934,1
149291,645047085,0.356258,-0.357417,3.98931,4.0211,0.504645,2.76464,-0.787022,5
149291,645047085,0.0650927,1.90982,2.29367,2.98865,1.91093,1.01616,1.53673,1
149291,645047085,0.0192242,0.0409,0.0553511,0.0714571,0.0451927,1.03174,1.13141,4
149291,645047085,-0.154519,0.603258,0.315518,0.711918,0.622733,0.487168,1.82155,1
149291,645047085,-0.730294,0.162146,1.34431,1.54476,0.748078,1.34899,2.92311,1
149291,645047085,-0.535364,1.30159,2.70671,3.05394,1.4074,1.40876,1.96102,1
149291,645047085,0.227179,-0.074359,0.838957,0.883441,0.239039,1.96838,-0.316324,1
149291,645047085,-0.00664563,0.23294,1.63282,1.64937,0.233035,2.64508,1.59932,4
149291,645047085,0.423977,0.205779,1.38794,1.4724,0.471276,1.80093,0.451863,1
149291,645047085,0.132187,0.144763,1.04978,1.07701,0.196035,2.37979,0.830776,1
149291,645047085,-0.191004,0.196993,1.88215,1.90205,0.274388,2.62405,2.34076,4
149291,645047085,0.417487,-0.430657,2.60286,2.67472,0.599801,2.17393,-0.800924,1
149291,645047085,0.273097,-0.119525,-0.683808,0.758908,0.298108,-1.56781,-0.412549,1
149291,645047085,0.241893,-0.181483,-1.33809,1.37892,0.302404,-2.19291,-0.643668,1
149291,645047085,-0.255934,-0.233966,-1.11401,1.17505,0.34676,-1.88362,-2.40101,1
149291,645047085,-1.03031,-0.908549,-0.238227,1.40115,1.37368,-0.172564,-2.41891,1
149291,645047085,0.685612,-0.939224,1.53953,1.93438,1.16284,1.09296,-0.940234,1
149291,645047085,0.255754,0.461631,0.450132,0.707539,0.527744,0.773473,1.06487,1
149291,645047085,-0.13393,-0.631266,1.24781,1.41172,0.645317,1.41356,-1.77986,1
149291,645047085,0.533975,-0.670166,1.74082,1.9453,0.856884,1.45767,-0.898022,1
149291,645047085,-0.496148,-0.0671637,0.928971,1.06449,0.500673,1.37705,-3.00704,1
149291,645047085,0.0384316,0.584311,1.49724,1.61373,0.585574,1.66815,1.50512,1
149291,645047085,-0.342042,0.424106,1.1416,1.27263,0.544847,1.48545,2.24949,1
149291,645047085,-0.671505,-0.955979,9.9747,10.0429,1.16825,2.8411,-2.18315,5
149291,645047085,0.454749,-0.740418,2.37901,2.53657,0.868916,1.73214,-1.02002,1
149291,645047085,0.170584,-0.0443874,0.539599,0.567658,0.176265,1.83765,-0.254563,4
149291,645047085,-1.41268,-0.124905,8.40769,8.52646,1.41819,2.47995,-3.0534,4
149291,645047085,-0.294721,0.702267,5.86496,5.9142,0.761603,2.73866,1.96814,4
149291,645047085,0.637791,-0.41376,-5.25577,5.31047,0.760246,-2.63178,-0.575489,4
149291,645047085,0.16962,-0.191586,-1.01662,1.04833,0.255883,-2.08814,-0.846136,4
149291,645047085,-0.73718,1.15741,-3.61172,3.86361,1.37223,-1.69517,2.13792,4
149291,645047085,0.0163826,-0.398656,1.5724,1.62223,0.398992,2.08028,-1.52972,4
149291,645047085,-0.0163981,0.267447,0.719299,0.767586,0.267949,1.71364,1.63203,4
149291,645047085,-0.0795773,0.127323,-0.603521,0.621918,0.150145,-2.09945,2.1294,4
149291,645047085,1.72984,-1.21977,-110.522,110.543,2.11664,-4.64863,-0.614166,7
149291,645047085,0.150649,-0.127503,-12.2839,12.2854,0.197363,-4.82421,-0.702377,7
149291,645047085,0.280318,-0.102929,-18.6092,18.6116,0.298617,-4.82546,-0.351902,7
149291,645047085,0.0357719,-3.86541E-005,-2.23078,2.23107,0.0357719,-4.82616,-0.00108057,7
149291,645047085,0.063161,0.0230465,-4.19302,4.19356,0.0672343,-4.8262,0.349873,7
149291,645047085,0.0420249,0.0112732,-2.27516,2.27558,0.0435106,-4.65004,0.262081,7
149291,645047085,0.0397098,0.00345364,-2.08422,2.0846,0.0398597,-4.65002,0.0867535,7
149291,645047085,0.179307,-0.0659944,-15.448,15.4492,0.191066,-5.0858,-0.352667,6
149291,645047085,1.069,-0.752939,-58.459,58.4736,1.30755,-4.49344,-0.613631,6
149291,645047085,0.300376,-0.140898,-14.84,14.8437,0.33178,-4.49388,-0.4386,6
149291,645047085,0.14628,-0.0394625,-6.6341,6.63583,0.15151,-4.47261,-0.263501,7
149291,645047085,0.388539,-0.104704,-14.7955,14.8009,0.402399,-4.29796,-0.263228,7
149291,645047085,0.0438414,-0.00387577,-1.61858,1.61918,0.0440124,-4.29817,-0.0881751,7
149291,645047085,0.50132,-0.0442449,-15.5262,15.5344,0.503269,-4.12257,-0.0880287,7
149291,645047085,0.536746,-0.540169,-34.0279,34.0364,0.761498,-4.49292,-0.788576,6
149291,645047085,0.0826472,-0.118915,-6.32893,6.33058,0.144814,-4.47071,-0.963425,7
149291,645047085,0.0574457,-0.681526,-25.0662,25.0755,0.683943,-4.29473,-1.48671,7
149291,645047085,-0.0036769,-0.0405946,-1.49305,1.49361,0.0407608,-4.29419,-1.66113,7
149291,645047085,0.147086,0.556522,24.8857,24.8924,0.575631,4.45986,1.31241,7
149291,645047085,0.0902143,1.07643,47.7024,47.7146,1.0802,4.48111,1.48718,6
149291,645047085,0.0246882,0.292523,10.6545,10.6585,0.293563,4.28498,1.4866,7
149291,645047085,-0.0179819,0.199408,6.09521,6.0985,0.200217,4.10928,1.66073,7
149291,645047085,0.014333,0.168833,5.16066,5.16344,0.16944,4.10973,1.4861,7
149291,645047085,0.0214251,0.0807358,2.5452,2.54657,0.0835303,4.11017,1.3114,7
149291,645047085,0.00953784,0.0361844,1.93037,1.93073,0.0374203,4.63649,1.31307,7
149291,645047085,0.0271411,0.158598,9.891,9.89231,0.160904,4.81179,1.40131,7
149291,645047085,0.41065,1.53872,20.1747,20.2374,1.59257,3.23378,1.31,7
149291,645047085,-1.07877,1.53783,19.9486,20.0368,1.87847,3.05805,2.18252,7
149291,645047085,0.230446,0.497535,19.9201,19.9276,0.548313,4.28597,1.13704,7
149291,645047085,-0.505959,0.504067,18.2139,18.2279,0.714198,3.93231,2.35807,7
149291,645047085,-0.0462115,0.0322455,1.43662,1.43773,0.0563496,3.93201,2.53236,7
149291,645047085,-0.227619,0.10577,6.39737,6.40229,0.250993,3.93175,2.7066,7
149291,645047085,-0.176001,0.0818306,4.15463,4.15916,0.194095,3.75732,2.70638,7
149291,645047085,-0.674795,0.180203,14.9477,14.964,0.698442,3.75715,2.88063,7
149291,645047085,-0.117489,0.0820276,3.06783,3.07118,0.143291,3.75754,2.5321,7
149291,645047085,-0.0786407,0.0783936,2.37796,2.38055,0.11104,3.7578,2.35777,7
149291,645047085,-0.139934,0.0650922,2.77266,2.77695,0.154333,3.58237,2.7062,7
149291,645047085,-0.14726,0.0683834,4.93071,4.93338,0.162363,4.10682,2.70685,7
149291,645047085,-0.128788,0.0343441,4.04679,4.04899,0.133289,4.10658,2.88099,7
149291,645047085,-0.234667,0.0203172,8.51495,8.5182,0.235545,4.28102,3.05523,7
149291,645047085,-0.794985,0.368875,32.3982,32.41,0.876397,4.30337,2.70716,6
149291,645047085,0.0740282,-0.868512,22.7436,22.7603,0.871661,3.95515,-1.48577,6
149291,645047085,0.0086562,-0.101127,2.1754,2.17777,0.101497,3.75863,-1.48541,7
149291,645047085,-0.0156419,-0.175133,3.76738,3.77148,0.17583,3.75831,-1.65987,7
149291,645047085,-0.00877955,-0.0986237,1.78029,1.78304,0.0990137,3.58319,-1.65958,7
149291,645047085,0.0221144,-0.25744,4.64714,4.65432,0.258388,3.58346,-1.48511,7
149291,645047085,0.16898,-0.63466,11.8154,11.8336,0.656771,3.58374,-1.31058,7
149291,645047085,-0.0371235,-0.418179,6.33477,6.34867,0.419823,3.40822,-1.65934,7
149291,645047085,0.0104972,-0.123783,3.77958,3.78162,0.124227,4.10867,-1.4862,7
149291,645047085,0.164001,-0.236308,14.8352,14.8379,0.287641,4.63628,-0.9641,7
149291,645047085,0.173489,-0.249619,13.1397,13.1432,0.303987,4.45969,-0.963425,7
149291,645047085,-0.436109,-0.00059034,-34.8201,34.8229,0.436109,-5.07324,-3.14024,6
149291,645047085,-0.908907,-0.423542,-12.8233,12.8624,1.00275,-3.24319,-2.70552,7
149291,645047085,-0.675919,0.472313,12.4356,12.4629,0.824589,3.40768,2.53169,7
149291,645047085,0.453941,5.28112,-98.5583,98.7008,5.30059,-3.6167,1.48505,6
149291,645047085,-0.019461,0.218474,-3.99,3.99602,0.219339,-3.59483,1.65964,7
149291,645047085,-0.642377,0.448875,-11.9495,11.9752,0.783669,-3.41868,2.53169,7
149291,645047085,-0.122612,0.085644,-2.71722,2.72133,0.149561,-3.59356,2.53188,7
149291,645047085,-0.107601,0.107318,-2.76159,2.76577,0.151971,-3.59378,2.35752,7
149291,645047085,-0.494272,0.492719,-15.4421,15.4579,0.697909,-3.79042,2.35777,6
149291,645047085,-0.164091,0.163478,-5.97258,5.97707,0.231627,-3.94333,2.35807,7
149291,645047085,-0.158011,0.110257,-4.9667,4.97044,0.192676,-3.94302,2.53236,7
149291,645047085,-0.319998,0.148697,-9.29231,9.29901,0.352859,-3.96438,2.7066,6
149291,645047085,-0.438572,0.203911,-10.6965,10.7074,0.483658,-3.78995,2.70638,6
149291,645047085,0.0464711,0.542497,11.6787,11.6914,0.544483,3.75938,1.48534,7
149291,645047085,-0.417327,-0.11176,11.007,11.0154,0.432033,3.93131,-2.87993,7
149291,645047085,-0.367443,-0.0322407,9.39745,9.40469,0.368854,3.93132,-3.05407,7
149291,645047085,-0.150906,-0.0132349,3.24141,3.24495,0.151485,3.75697,-3.05411,7
149291,645047085,-0.423325,-0.0371122,7.6321,7.64392,0.424949,3.58207,-3.05415,7
149291,645047085,-0.24915,0.247578,15.4618,15.4658,0.351241,4.47793,2.35936,6
149291,645047085,-0.0691471,0.0481344,3.62667,3.62765,0.084251,4.45555,2.53348,7
149291,645047085,-0.0896714,0.127119,6.70378,6.70559,0.155564,4.45665,2.18514,7
149291,645047085,-0.159673,0.158826,8.152,8.15511,0.225213,4.28231,2.35885,7
149291,645047085,0.179253,-0.126255,9.48758,9.49012,0.219253,4.46079,-0.613631,7
149291,645047085,0.0680063,-0.0318998,3.25189,3.25276,0.0751163,4.46124,-0.4386,7
149291,645047085,0.0639757,-0.0299809,2.56851,2.56949,0.0706523,4.28665,-0.438237,7
149291,645047085,0.18025,-0.0485739,6.7886,6.79117,0.18668,4.28694,-0.263228,7
149291,645047085,0.0832035,-0.0586699,5.25773,5.25872,0.101809,4.6376,-0.614166,7
149291,645047085,-0.213369,-0.0187591,-9.31161,9.31408,0.214192,-4.46542,-3.0539,7
149291,645047085,-0.0894817,-0.00787448,-4.65479,4.65565,0.0898275,-4.641,-3.05382,7
149291,645047085,0.236698,-0.50932,-8.57443,8.5928,0.561634,-3.41991,-1.13576,7
149291,645047085,-0.403693,-0.281904,-18.3929,18.3995,0.49238,-4.3138,-2.532,6
149291,645047085,-0.0806428,-0.0562849,-4.27651,4.27764,0.0983426,-4.46571,-2.53224,7
149291,645047085,-0.0302778,-0.0301512,-1.85873,1.85922,0.0427298,-4.46603,-2.35829,7
149291,645047085,-0.0511821,-0.0357006,-3.2348,3.2354,0.0624031,-4.64135,-2.53253,7
149291,645047085,0.0675048,-0.779941,8.31583,8.3526,0.782857,3.05832,-1.48446,7
149291,645047085,-0.863125,-0.603213,27.4261,27.4463,1.05302,3.95335,-2.53162,6
149291,645047085,-0.631234,0.441357,8.17728,8.21348,0.770229,3.05779,2.53141,7
149291,645047085,-0.420092,0.195608,4.91925,4.94103,0.463401,3.05768,2.70582,7
149291,645047085,-0.127875,-0.181773,-8.12936,8.13239,0.222247,-4.29278,-2.18386,7
149291,645047085,0.193917,0.726513,-9.30145,9.3318,0.751947,-3.21004,1.30996,7
149291,645047085,0.192194,0.720713,-11.6399,11.6638,0.745899,-3.44177,1.31019,6
149291,645047085,0.599081,0.160567,7.86185,7.88628,0.620225,3.23439,0.261868,7
149291,645047085,-0.519803,-0.519266,7.79937,7.8339,0.734733,3.05765,-2.35671,7
149291,645047085,-0.232938,-0.232651,4.16462,4.17761,0.329221,3.23236,-2.35681,7
149291,645047085,-0.0136058,0.14783,7.64658,7.64802,0.148454,4.63498,1.66258,7
149291,645047085,-0.389695,0.10392,-12.6515,12.6579,0.403313,-4.13922,2.88099,6
149291,645047085,-0.0653279,0.0174052,-2.47159,2.47251,0.0676068,-4.29224,2.88121,7
149291,645047085,-0.145966,0.0126375,-5.35512,5.35712,0.146512,-4.29204,3.05523,7
149291,645047085,-0.0954871,0.0254128,-4.29722,4.29836,0.0988109,-4.4658,2.88148,7
149291,645047085,0.160406,-0.0590381,13.6714,13.6725,0.170926,5.07502,-0.352667,6
149291,645047085,0.133226,-0.500984,-11.4835,11.4952,0.518396,-3.79158,-1.31088,6
149291,645047085,0.0345572,-0.0744653,-1.78019,1.78208,0.0820931,-3.7703,-1.1363,7
149291,645047085,-0.0481162,-0.543274,-6.98004,7.00131,0.5454,-3.24396,-1.65913,7
149291,645047085,-0.108036,-1.21697,-19.0473,19.0864,1.22176,-3.44081,-1.65934,6
149291,645047085,0.0561287,0.648261,6.91443,6.94498,0.650687,3.05869,1.48443,7
149291,645047085,0.320121,0.0279382,6.90172,6.90919,0.321338,3.76072,0.0870533,7
149291,645047085,0.111691,0.112163,6.85331,6.85514,0.158289,4.46135,0.787507,7
149291,645047085,-0.101965,-0.217636,6.12866,6.13337,0.240337,3.93222,-2.00894,7
149291,645047085,0.192505,0.275567,6.0537,6.06303,0.336148,3.58479,0.961025,7
149291,645047085,0.0897824,0.128473,2.36819,2.37337,0.156736,3.40956,0.960849,7
149291,645047085,-0.280126,-0.279715,-6.03511,6.04808,0.395868,-3.41849,-2.35693,7
149291,645047085,-0.0871088,-0.0609253,-1.6204,1.62389,0.106301,-3.41838,-2.53126,7
149291,645047085,-0.105034,0.0486349,5.93723,5.93836,0.115747,4.63083,2.70795,7
149291,645047085,-0.0399828,0.451239,5.73654,5.7544,0.453007,3.23341,1.65917,7
149291,645047085,-0.436338,0.305086,-5.71519,5.73993,0.532418,-3.06876,2.53141,7
149291,645047085,0.147258,0.210891,-5.58289,5.58882,0.257215,-3.77123,0.961235,7
149291,645047085,0.0416957,0.059745,-1.88403,1.88544,0.072856,-3.94621,0.961484,7
149291,645047085,-0.132938,-0.0618694,5.30046,5.30249,0.14663,4.28097,-2.70601,7
149291,645047085,0.0309812,-0.117406,-5.29987,5.30126,0.121424,-4.46942,-1.3128,7
149291,645047085,-0.0320268,0.117736,5.26474,5.26615,0.122014,4.45793,1.83639,7
149291,645047085,0.223841,-0.0601805,-5.03266,5.03799,0.23179,-3.77155,-0.262643,7
149291,645047085,0.201591,-0.0541692,-3.80196,3.80769,0.208742,-3.59607,-0.262507,7
149291,645047085,0.132038,-0.0928381,-4.97598,4.9786,0.161409,-4.12184,-0.612814,7
149291,645047085,0.104357,-0.104825,-4.55828,4.56068,0.147914,-4.12148,-0.787638,7
149291,645047085,-0.0867703,-0.04035,4.90485,4.90578,0.0956933,4.63007,-2.70632,7
149291,645047085,-0.170686,-0.0794831,-4.85044,4.85409,0.188285,-3.94239,-2.70579,7
149291,645047085,-0.0541844,-0.0378679,-1.70316,1.70444,0.0661055,-3.94251,-2.53162,7
149291,645047085,-0.0813049,-0.0811033,-2.95933,2.96155,0.11484,-3.9427,-2.35744,7
149291,645047085,0.0388549,-0.0842948,-4.83658,4.83747,0.0928187,-4.64655,-1.13888,7
149291,645047085,-0.184578,-0.395052,4.62977,4.65026,0.436045,3.05787,-2.00788,7
149291,645047085,-0.0982185,-0.210138,2.93504,2.94419,0.231959,3.23262,-2.00803,7
149291,645047085,-0.0505883,0.187384,4.1604,4.16493,0.194092,3.75872,1.83448,7
149291,645047085,-0.433275,1.6026,43.3216,43.3534,1.66013,3.95527,1.83484,6
149291,645047085,0.0954379,-0.0958664,4.123,4.12521,0.135273,4.11046,-0.787638,7
149291,645047085,0.108771,0.0763364,-4.09913,4.10128,0.132885,-4.12246,0.611939,7
149291,645047085,0.0725384,0.0727542,-3.16846,3.17013,0.102737,-4.12223,0.786884,7
149291,645047085,0.266974,0.267251,-4.06075,4.07828,0.377754,-3.07018,0.785916,7
149291,645047085,0.110123,0.157489,-2.06558,2.0745,0.192171,-3.07008,0.960577,7
149291,645047085,0.296651,0.207883,-3.89427,3.91108,0.362239,-3.07026,0.61124,7
149291,645047085,0.00777659,-0.0929306,4.02306,4.02414,0.0932554,4.45774,-1.48731,7
149291,645047085,-0.0258901,-0.0443177,-4.01896,4.01929,0.0513259,-5.05377,-2.09951,7
149291,645047085,0.0457352,-0.0988813,3.95341,3.95491,0.108946,4.28482,-1.13757,7
149291,645047085,-0.0733948,0.104272,3.87656,3.87865,0.127513,4.1079,2.18412,7
149291,645047085,-0.0403725,0.0859931,2.88937,2.89093,0.0949987,4.10835,2.00974,7
149291,645047085,0.353162,0.0308601,3.76963,3.78626,0.354507,3.05935,0.087161,7
149291,645047085,0.219072,-0.102366,-3.69448,3.70238,0.241808,-3.42067,-0.437124,7
149291,645047085,-0.0666885,0.0947447,-3.5614,3.56328,0.115862,-4.11892,2.18412,7
149291,645047085,-0.0428625,0.0154281,3.52337,3.52366,0.0455546,5.04145,2.79609,7
149291,645047085,0.0281866,0.0610287,-3.50862,3.50926,0.0672234,-4.64819,1.13812,7
149291,645047085,0.027623,-0.104206,-3.31786,3.31961,0.107805,-4.12016,-1.31168,7
149291,645047085,0.105485,-0.105819,3.20645,3.20993,0.149415,3.75989,-0.786975,7
149291,645047085,0.111057,-0.111351,2.83145,2.83581,0.157267,3.58452,-0.786721,7
149291,645047085,-0.0387457,-0.0140579,3.18496,3.18523,0.0412172,5.04053,-2.79354,7
149291,645047085,-0.0232973,-0.0194198,2.34541,2.34561,0.0303297,5.04128,-2.44672,7
149291,645047085,0.142578,0.142788,-3.08308,3.08968,0.201784,-3.4207,0.786134,7
149291,645047085,-0.0718969,-0.153672,-3.08282,3.08748,0.169659,-3.59371,-2.0084,7
149291,645047085,-0.273283,-0.0732091,3.0028,3.0161,0.282919,3.0575,-2.87985,7
149291,645047085,-0.27488,-0.024078,2.92865,2.94162,0.275932,3.0575,-3.05422,7
149291,645047085,-0.214228,-0.0573864,2.80499,2.81375,0.221781,3.23217,-2.87986,7
149291,645047085,-0.746065,-0.347659,10.6406,10.6724,0.823092,3.254,-2.70552,6
149291,645047085,0.0649189,-0.0931226,-2.93338,2.93557,0.113518,-3.94547,-0.961997,7
149291,645047085,-0.0270519,0.30636,-2.86114,2.87763,0.307552,-2.92636,1.65887,7
149291,645047085,-0.0533266,0.198276,-2.2053,2.21484,0.205322,-3.06935,1.83353,7
149291,645047085,0.212056,-0.0569334,-2.81371,2.82226,0.219566,-3.24527,-0.262297,7
149291,645047085,0.235653,0.10995,2.76508,2.77728,0.260041,3.05933,0.436552,7
149291,645047085,-0.139954,-0.199601,-2.61672,2.62806,0.243778,-3.06873,-2.18231,7
149291,645047085,0.0249005,0.0210342,2.55119,2.5514,0.0325956,5.05333,0.701428,7
149291,645047085,0.134811,0.0117702,-2.46513,2.46884,0.135324,-3.59623,0.0870877,7
149291,645047085,-0.0859182,0.122386,-2.281,2.28589,0.149534,-3.41907,2.18288,7
149291,645047085,-0.0521792,-0.194085,-2.15785,2.16719,0.200977,-3.06899,-1.83343,7
149291,645047085,0.0118346,0.0207447,-1.88717,1.88732,0.023883,-5.06285,1.05236,7
149291,645047085,-0.0853141,-0.0596572,1.86993,1.87282,0.104103,3.58219,-2.53136,7
149291,645047085,0.0499244,0.00434966,1.82295,1.82364,0.0501135,4.28726,0.0869056,7
149291,645047085,0.0623168,0.016707,1.65112,1.65238,0.0645175,3.9358,0.261939,7
149291,645047085,-0.0350228,-0.00937555,1.55885,1.55928,0.036256,4.45438,-2.88003,7
149291,645047085,0.0411464,0.154438,-3.02851,3.03272,0.159825,-3.63559,1.31042,6
149291,645047085,0.134837,1.5642,-24.4948,24.5451,1.57,-3.44156,1.48481,6
149291,645047085,0.632641,-0.536683,66.2507,66.2559,0.829616,5.07342,-0.70352,6
149291,645047085,-0.0179901,0.200461,5.35417,5.35796,0.201266,3.9745,1.6603,6
149291,645047085,-0.769427,-1.09631,-24.8643,24.9003,1.33937,-3.6151,-2.18275,6
149291,645047085,-0.400637,-0.570589,-15.4213,15.4371,0.697196,-3.7901,-2.18296,6
149291,645047085,-0.257538,-0.257001,-8.04603,8.05425,0.363835,-3.78989,-2.35724,6
149291,645047085,0.450381,-0.452792,23.7115,23.7201,0.638642,4.3077,-0.788067,6
149291,645047085,0.386628,-0.272061,17.5602,17.5666,0.472756,4.30814,-0.613188,6
149291,645047085,0.293187,-0.295056,18.3876,18.3923,0.415953,4.48214,-0.788576,6
149291,645047085,0.112837,-0.113696,8.45009,8.45161,0.160184,4.65884,-0.789191,6
149291,645047085,-0.460031,0.213255,22.2996,22.3054,0.507057,4.47698,2.70751,6
149291,645047085,-0.0755496,-0.0274113,-6.41647,6.41697,0.0803687,-5.07318,-2.79354,6
149291,645047085,-0.119846,0.043138,-10.1786,10.1794,0.127373,-5.07411,2.79609,6
149291,645047085,-0.124085,-0.000132644,-7.8239,7.82488,0.124085,-4.83718,-3.14052,6
149291,645047085,-0.133865,0.0115389,-7.11586,7.11713,0.134361,-4.66278,3.05561,6
149291,645047085,0.230823,-0.232581,-17.4733,17.4764,0.327678,-4.66963,-0.789191,6
149291,645047085,0.104788,-0.0492093,-6.18035,6.18143,0.115768,-4.67078,-0.439039,6
149291,645047085,0.268234,-0.125702,-11.1266,11.1306,0.296227,-4.31929,-0.438237,6
149291,645047085,0.310277,-0.218334,-14.2453,14.2503,0.379397,-4.31892,-0.613188,6
149291,645047085,0.092072,-0.0925649,-4.89996,4.9017,0.130558,-4.31849,-0.788067,6
149291,645047085,0.0853477,-0.122654,-5.60532,5.60731,0.149426,-4.318,-0.962866,6
149291,645047085,0.0412718,-0.0892311,-3.75543,3.75672,0.0983136,-4.33612,-1.13757,6
149291,645047085,0.0820057,-0.117732,-4.60143,4.60366,0.143478,-4.16133,-0.962394,6
149291,645047085,0.0383465,-0.452181,-14.2652,14.2724,0.453804,-4.14131,-1.4862,6
149291,645047085,-0.0378634,-0.42033,-13.2604,13.2671,0.422032,-4.14085,-1.66063,6
149291,645047085,0.00734678,-0.0861937,-2.32459,2.3262,0.0865062,-3.98458,-1.48577,6
149291,645047085,0.0983425,0.371272,14.2551,14.2603,0.384076,4.30736,1.31186,6
149291,645047085,0.0841573,-0.147984,-13.7134,13.7144,0.17024,-5.08211,-1.05371,6
149291,645047085,-0.289409,0.0250067,12.7677,12.771,0.290487,4.47639,3.0554,6
149291,645047085,-0.954589,-0.667879,12.6396,12.6931,1.16503,3.07935,-2.5311,6
149291,645047085,-0.516095,-0.735856,11.6225,11.6572,0.898798,3.25428,-2.18243,6
149291,645047085,-0.242845,0.345301,-11.127,11.135,0.422145,-3.96529,2.18372,6
149291,645047085,0.411648,-0.884885,-10.7146,10.7589,0.975948,-3.09116,-1.13537,6
149291,645047085,0.250842,0.117199,-10.6011,10.6047,0.27687,-4.33848,0.437083,6
149291,645047085,-0.245744,-0.114369,-10.3141,10.3177,0.271054,-4.33227,-2.70601,6
149291,645047085,-0.0878005,-0.0613388,-3.42283,3.4245,0.107105,-4.15781,-2.5318,6
149291,645047085,-0.044135,-0.162082,8.82146,8.82306,0.167984,4.65431,-1.83665,6
149291,645047085,-0.024046,-0.0510804,3.01919,3.01971,0.0564572,4.67249,-2.01077,6
149291,645047085,0.221184,0.0192707,-8.34449,8.34744,0.222022,-4.3199,0.0869056,6
149291,645047085,-0.0509292,0.0871783,6.32023,6.32104,0.100965,4.82995,2.09951,6
149291,645047085,0.491506,-0.229526,-6.07081,6.095,0.542457,-3.11028,-0.436889,6
149291,645047085,-0.288614,0.134252,-6.01969,6.0281,0.318311,-3.63361,2.7062,6
149291,645047085,-0.157288,0.0730401,-5.44131,5.44407,0.17342,-4.13946,2.70685,6
149291,645047085,-0.188018,0.0163058,-5.91905,5.92205,0.188723,-4.13905,3.05508,6
149291,645047085,0.0459967,0.0804224,5.94143,5.94215,0.0926469,4.85412,1.05127,6
149291,645047085,0.0728148,0.157037,5.49576,5.49848,0.173097,4.15127,1.13663,6
149291,645047085,-0.371861,-0.0325807,4.91742,4.93157,0.373286,3.27278,-3.0542,6
149291,645047085,0.0252183,-0.0947155,-1.85615,1.85873,0.0980152,-3.63498,-1.31058,6
149291,645047085,-0.124916,-0.0109667,3.96439,3.96637,0.125397,4.14702,-3.05402,6
149291,645047085,0.159231,-0.0744337,3.29743,3.30211,0.175769,3.62558,-0.437276,6
149291,645047085,0.131793,-0.0925084,3.02016,3.02445,0.161019,3.6254,-0.612016,6
149291,645047085,0.029936,0.112631,-3.13564,3.1378,0.116541,-3.98583,1.31101,6
149291,645047085,-0.0606405,0.0862852,2.35308,2.35544,0.105463,3.79877,2.18339,6
149291,645047085,0.0262229,-0.0566207,1.9792,1.98018,0.0623983,4.15031,-1.13707,6
149291,645047085,-1.99849,0.629482,-5.59907,5.97827,2.09529,-1.70936,2.83645,5
149291,645047085,-0.754093,1.18235,1.60028,2.12779,1.40236,0.977736,2.13854,5
149291,645047085,-0.34847,1.2959,4.72392,4.91082,1.34194,1.97126,1.83348,5
149291,645047085,-0.0547196,0.618306,2.47672,2.55332,0.620723,2.0923,1.65907,5
149291,645047085,1.31424,3.17696,3.92528,5.21805,3.43806,0.978116,1.17855,5
149291,645047085,0.277514,0.881644,0.935024,1.31475,0.924289,0.889563,1.26585,5
149291,645047085,0.621017,0.809983,2.41248,2.6195,1.02065,1.59537,0.91669,5
149291,645047085,0.411955,-0.413419,-5.06773,5.10123,0.583629,-2.85783,-0.787172,5
149291,645047085,-1.35186,-0.178028,-1.83909,2.28942,1.36353,-1.10784,-3.01065,5
149291,645047085,-0.647854,0.843428,2.28372,2.51922,1.06353,1.50764,2.22579,5
149291,645047085,-0.632812,0.689885,2.21108,2.4011,0.936158,1.59467,2.31307,5
149291,645047085,0.53481,-0.535522,2.38537,2.50255,0.756839,1.86537,-0.786063,5
149291,645047085,0.0669232,-0.252109,-2.48394,2.49759,0.26084,-2.94959,-1.31133,5
149291,645047085,-0.73701,-0.959723,2.79986,3.05016,1.21006,1.57577,-2.22568,5
149291,645047085,-0.702554,-0.643374,2.24953,2.44293,0.952634,1.59448,-2.40014,5
149291,645047085,-0.264482,-1.13892,2.53943,2.79567,1.16922,1.51797,-1.79897,5
149291,645047085,0.422597,-0.812851,1.30951,1.59817,0.916141,1.15494,-1.09136,5
149291,645047085,-0.153428,-0.690425,1.2455,1.4323,0.707267,1.33134,-1.78947,5
149291,645047085,-0.385375,0.13093,2.62094,2.65235,0.40701,2.56157,2.81408,5
149291,645047085,-0.804131,0.616497,2.17553,2.39992,1.01326,1.50753,2.48751,5
149291,645047085,-1.1933,0.375895,0.0111314,1.25115,1.2511,0.00889718,2.83643,5
149291,645047085,0.0697462,0.803163,-2.38689,2.51936,0.806185,-1.80595,1.48417,5
149291,645047085,-0.228913,0.724637,0.588273,0.961023,0.759934,0.712324,1.87678,5
149291,645047085,0.0978395,0.746167,0.582698,0.951774,0.752554,0.712469,1.44042,5
149291,645047085,-0.328573,0.630368,0.399098,0.815232,0.710862,0.53547,2.05129,5
149291,645047085,-2.13926,-0.243721,17.5408,17.6724,2.1531,2.79451,-3.02815,4
149291,645047085,0.384491,-2.20989,3.57434,4.21988,2.24309,1.24553,-1.39853,4
149291,645047085,0.549364,-4.29873,7.5589,8.71308,4.33369,1.32303,-1.44369,4
149291,645047085,0.204241,-1.63435,2.99677,3.41957,1.64706,1.35985,-1.44647,4
149291,645047085,-0.0685118,-1.67006,2.77979,3.24361,1.67146,1.28195,-1.6118,4
149291,645047085,-1.23398,3.39841,6.02259,7.02449,3.61551,1.28333,1.9191,4
149291,645047085,-0.58627,5.1188,5.93001,7.85562,5.15226,0.984191,1.68483,4
149291,645047085,-0.322098,2.18778,2.65145,3.45258,2.21137,1.01534,1.71697,4
149291,645047085,-0.698338,4.6372,6.13281,7.72028,4.68948,1.08319,1.72027,4
149291,645047085,-0.0883507,1.01139,1.42717,1.75144,1.01524,1.14132,1.65793,4
149291,645047085,1.64048,-4.03567,5.27199,6.83899,4.35635,1.02248,-1.1847,4
149291,645047085,0.460101,-1.24684,1.51501,2.01533,1.32902,0.976949,-1.21728,4
149291,645047085,0.420038,-1.0107,1.39015,1.76931,1.09451,1.0601,-1.17692,4
149291,645047085,0.482253,-1.02537,1.4439,1.83542,1.13311,1.06267,-1.13117,4
149291,645047085,0.341151,-0.593589,0.857699,1.09744,0.684641,1.04932,-1.04917,4
149291,645047085,0.54967,-1.04901,1.53446,1.93833,1.1843,1.0758,-1.08814,4
149291,645047085,0.123615,-0.331822,-3.11632,3.13637,0.354099,-2.87119,-1.21419,4
149291,645047085,0.436188,0.376912,4.73045,4.76544,0.576474,2.80168,0.712625,4
149291,645047085,-0.357667,-0.187001,-2.98699,3.01413,0.403603,-2.69927,-2.65984,4
149291,645047085,0.96854,-0.117691,-2.25754,2.45936,0.975665,-1.57579,-0.120921,4
149291,645047085,0.17233,-0.225442,1.09751,1.1336,0.283763,2.06211,-0.918136,4
149291,645047085,-0.0317167,1.00481,0.650887,1.19762,1.00531,0.609084,1.60235,4
149291,645047085,-0.294508,1.32835,1.77899,2.23966,1.3606,1.08302,1.78898,4
149291,645047085,-0.231676,0.851775,1.13041,1.43423,0.882719,1.06657,1.83636,4
149291,645047085,-0.303753,-0.902275,-0.792234,1.23855,0.952033,-0.757577,-1.89553,4
149291,645047085,-0.0839971,0.231791,-0.874093,0.908197,0.246541,-1.97812,1.91846,4
149291,645047085,-0.343629,0.203439,-0.83036,0.921393,0.399335,-1.47857,2.60705,4
149291,645047085,-0.550246,0.599969,-0.953936,1.25408,0.814085,-0.997787,2.31299,4
149291,645047085,-0.418479,0.447833,-0.688941,0.922127,0.612927,-0.966407,2.32232,4
149291,645047085,0.214033,-0.25139,0.76417,0.832444,0.330162,1.57606,-0.86549,4
149291,645047085,0.980962,0.353818,1.29599,1.66345,1.04282,1.04307,0.346161,4
149291,645047085,-0.532815,0.555093,0.220745,0.800468,0.769429,0.283098,2.33572,4
149291,645047085,0.234465,0.586175,0.948329,1.13926,0.631328,1.19594,1.1903,4
149291,645047085,-0.0906459,0.475567,-1.23598,1.32741,0.484129,-1.66673,1.75914,4
149291,645047085,0.416232,-0.221922,-1.11322,1.20903,0.471697,-1.59395,-0.489828,4
149291,645047085,0.450706,-1.09908,-0.90515,1.49345,1.1879,-0.7027,-1.18163,4
149291,645047085,-0.222982,0.0739987,0.70518,0.743287,0.23494,1.81893,2.82117,4
149291,645047085,0.540943,-0.0735154,0.794788,0.964215,0.545916,1.17004,-0.135075,4
149291,645047085,0.593902,0.420909,-0.0431096,0.729207,0.727931,-0.0591875,0.616553,4
149291,645047085,-0.749432,0.498299,-1.0648,1.39419,0.899972,-1.00514,2.55481,4
149291,645047085,-0.024201,1.01919,0.511238,1.14048,1.01947,0.482529,1.59454,4
149291,645047085,-0.12206,-0.589598,0.954758,1.12876,0.6021,1.24139,-1.77493,4
149291,645047085,0.303463,-0.312939,-0.666073,0.796037,0.435914,-1.21019,-0.80077,4
149291,645047085,0.210678,-0.476854,0.55313,0.760084,0.52132,0.923868,-1.15478,4
149291,645047085,-0.339579,0.874955,1.42067,1.70269,0.938541,1.20234,1.94101,4
149291,645047085,-0.217143,0.512178,0.802315,0.976313,0.556307,1.16228,1.97178,4
149291,645047085,-0.0264571,0.643585,0.636889,0.905831,0.644129,0.873404,1.61188,4
149291,645047085,0.00785744,0.303721,0.495163,0.580943,0.303823,1.26466,1.54493,4
149291,645047085,-0.127832,0.537406,-0.0627304,0.555951,0.552401,-0.113317,1.80433,4
149291,645047085,-0.665087,-0.350203,0.344688,0.826917,0.751653,0.443855,-2.65693,4
149291,645047085,-0.440889,-0.133706,-0.675044,0.817279,0.460717,-1.17531,-2.84714,4
149291,645047085,0.291091,0.354817,0.212028,0.505554,0.458943,0.446959,0.883741,4
149291,645047085,-0.364104,-0.288698,-0.0935438,0.473992,0.46467,-0.199977,-2.47119,4
149291,645047085,0.23246,-0.594856,0.448291,0.780292,0.638664,0.654239,-1.19826,4
149291,645047085,-0.307732,-0.0129456,-0.347819,0.46459,0.308004,-0.969892,-3.09955,4
149291,645047085,0.107315,0.305838,0.328633,0.461577,0.32412,0.891185,1.23333,4
149291,645047085,-0.441161,0.363977,0.241705,0.620905,0.571929,0.410948,2.45177,4
149291,645047085,0.0411538,-0.313082,0.452012,0.551388,0.315775,1.15612,-1.4401,4
149291,645047085,0.166227,0.193759,0.341752,0.426577,0.255291,1.10181,0.86173,4
149291,645047085,0.330248,0.0985254,0.402158,0.529625,0.344632,0.994623,0.289931,4
149291,645047085,-0.00856076,0.435555,0.541234,0.694778,0.43564,1.04283,1.59045,4
149291,645047085,-0.096577,-0.541291,0.147419,0.569259,0.54984,0.265,-1.74736,4
149291,645047085,-0.387525,0.302013,-0.462314,0.674627,0.491312,-0.839016,2.47958,4
149291,645047085,0.0560715,-0.253277,0.302026,0.398137,0.25941,0.992905,-1.35293,4
149291,645047085,0.0554827,0.177345,0.348737,0.395154,0.185821,1.38711,1.26759,4
149291,645047085,0.098584,-0.504432,-0.103333,0.52426,0.513975,-0.199715,-1.37779,4
149291,645047085,-0.248857,0.110841,0.451889,0.527655,0.272426,1.27972,2.72257,4
149291,645047085,0.0626908,0.27984,0.412495,0.502387,0.286776,1.16009,1.35041,4
149291,645047085,0.0792138,0.34566,0.62705,0.72038,0.354621,1.33491,1.34552,4
149291,645047085,-0.00875589,0.28092,0.229585,0.362908,0.281057,0.745781,1.60195,4
149291,645047085,0.353992,-0.356767,-0.0176277,0.502895,0.502586,-0.0350668,-0.789302,4
149291,645047085,0.26643,-0.332112,0.272826,0.505685,0.425774,0.603474,-0.894697,4
149291,645047085,0.303741,-0.0691611,-0.424249,0.526335,0.311515,-1.11563,-0.223881,4
149291,645047085,-0.150496,0.22694,0.355501,0.447807,0.272306,1.08181,2.15636,4
149291,645047085,0.0276383,0.186331,0.271038,0.330068,0.18837,1.16036,1.42354,4
149291,645047085,0.253081,-0.0140697,0.429391,0.498623,0.253472,1.29779,-0.0555367,4
149291,645047085,-0.0988261,-0.439768,0.12312,0.467248,0.450735,0.269865,-1.79185,4
149291,645047085,0.0795044,-0.166517,0.373449,0.416549,0.184523,1.45425,-1.12535,4
149291,645047085,0.238503,0.108405,0.151965,0.302868,0.261984,0.551646,0.426608,4
149291,645047085,0.36769,0.143915,0.112706,0.410622,0.394851,0.2817,0.373073,4
149291,645047085,-0.1622,-0.169864,-0.187175,0.300328,0.234867,-0.730275,-2.33312,4
149291,645047085,0.198468,-0.0128047,-0.225247,0.300482,0.19888,-0.972083,-0.0644284,4
149291,645047085,0.00626952,-0.375974,0.248511,0.450725,0.376026,0.62033,-1.55412,4
149291,645085524,-1.17876,0.00177269,-1.58998,1.98418,1.17876,-1.10789,3.14009,1
149291,645085524,-0.59341,-0.103481,-0.749856,0.971909,0.602365,-1.04437,-2.96895,1
149291,645085524,-0.948497,-0.479778,-3.3191,3.48794,1.06294,-1.85651,-2.67329,1
149291,645085524,-0.83736,-0.438167,-1.92068,2.14515,0.945073,-1.45799,-2.6595,1
149291,645085524,-1.44656,-0.88928,-2.5564,3.07214,1.69805,-1.19781,-2.5904,1
149291,645085524,-1.60086,-1.40779,-5.44916,5.85298,2.13181,-1.66787,-2.42028,1
149291,645085524,-0.225492,-0.0867143,-0.623649,0.668808,0.241591,-1.67706,-2.77447,4
149291,645085524,-1.56771,-1.98464,-4.64849,5.29382,2.52914,-1.36874,-2.23936,1
149291,645085524,-0.376299,-0.812766,-1.14729,1.46217,0.895651,-1.06679,-2.0044,1
149291,645085524,-0.856616,-2.51972,-5.22397,5.86448,2.66135,-1.42692,-1.8985,1
149291,645085524,-0.0638834,-0.768525,-1.43096,1.63152,0.771176,-1.37711,-1.65373,1
149291,645085524,-0.191478,0.671141,-0.226777,0.746996,0.697922,-0.31947,1.84872,1
149291,645085524,-0.547039,0.146251,-2.3403,2.40783,0.566251,-2.12647,2.88035,5
149291,645085524,0.0616183,-0.671207,1.11891,1.31368,0.67403,1.28038,-1.47925,1
149291,645085524,0.232593,-0.186741,0.580278,0.667214,0.298282,1.41895,-0.676486,1
149291,645085524,0.0904511,-0.302703,0.0663429,0.351698,0.315928,0.20848,-1.28043,1
149291,645085524,1.02766,1.02982,12.067,12.1543,1.45486,2.81232,0.786448,5
149291,645085524,0.604917,1.30238,11.851,11.9377,1.43601,2.80734,1.13597,5
149291,645085524,0.2914,-0.524789,0.190096,0.64493,0.600265,0.311619,-1.06392,1
149291,645085524,0.483414,-0.661782,0.691624,1.08142,0.819539,0.766596,-0.939909,1
149291,645085524,0.476459,-0.624099,1.51963,1.71618,0.785183,1.41436,-0.918752,1
149291,645085524,0.55796,-0.493608,0.722903,1.0474,0.744962,0.86028,-0.724278,1
149291,645085524,0.731075,-0.111376,0.410112,0.857057,0.73951,0.529482,-0.151183,1
149291,645085524,2.14747,-0.0244298,-3.31264,3.95035,2.14761,-1.2181,-0.0113756,1
149291,645085524,0.94984,0.0800564,-1.41469,1.71156,0.953207,-1.18593,0.0840854,1
149291,645085524,1.32419,0.595375,0.729702,1.63092,1.45187,0.48353,0.422534,1
149291,645085524,0.445449,0.36967,0.295702,0.664831,0.578862,0.49088,0.692698,1
149291,645085524,3.03004,2.50953,-5.67351,6.90558,3.93432,-1.16219,0.691711,1
149291,645085524,-0.721629,3.37112,-5.38843,6.39843,3.4475,-1.22921,1.78168,1
149291,645085524,-0.170479,0.819676,0.468595,0.969532,0.837216,0.533967,1.77586,1
149291,645085524,-0.276859,0.801438,3.80474,3.90058,0.847912,2.20657,1.90341,1
149291,645085524,-0.794185,1.1449,-0.353321,1.44425,1.39339,-0.250928,2.17726,1
149291,645085524,-1.40524,1.92586,2.9232,3.77468,2.38404,1.03261,2.20116,1
149291,645085524,-0.532302,0.524436,-2.4384,2.55415,0.747247,-1.89854,2.36364,1
149291,645085524,-0.68974,0.498947,0.806182,1.18072,0.851287,0.843407,2.51534,1
149291,645085524,0.684466,0.0595373,6.32321,6.36043,0.687051,2.91566,0.0867652,5
149291,645085524,-0.620239,0.37459,0.548395,0.919364,0.724578,0.698616,2.59828,1
149291,645085524,-0.621879,0.0131178,0.0429854,0.638931,0.622017,0.0690516,3.1205,1
149291,645085524,0.454309,-0.482891,3.36587,3.43338,0.663009,2.32736,-0.815886,1
149291,645085524,0.0282547,-0.660045,4.64467,4.69142,0.66065,2.64842,-1.52802,5
149291,645085524,0.624215,-0.315731,4.09121,4.15293,0.699522,2.46658,-0.46828,1
149291,645085524,-0.215856,-0.329397,-1.03295,1.11425,0.393823,-1.69192,-2.15089,1
149291,645085524,-0.0669139,-0.426481,0.858412,0.970934,0.431698,1.43846,-1.72643,1
149291,645085524,0.44106,-0.0615528,-1.90707,1.96334,0.445334,-2.16101,-0.138661,1
149291,645085524,0.418812,0.193989,-0.329544,0.58405,0.461557,-0.664085,0.433767,1
149291,645085524,0.0807509,0.447689,0.0847684,0.483334,0.454913,0.185278,1.39234,1
149291,645085524,0.0790642,0.484992,-0.836913,0.980496,0.491394,-1.30241,1.4092,1
149291,645085524,-0.00203545,0.422609,1.01925,1.11218,0.422614,1.61396,1.57561,1
149291,645085524,-0.894969,0.0583416,0.549033,1.0608,0.896869,0.579229,3.0765,1
149291,645085524,-0.276338,-0.245593,1.26314,1.32351,0.3697,1.94257,-2.41503,1
149291,645085524,-0.431642,-0.101303,1.50572,1.57584,0.44337,1.93677,-2.91107,1
149291,645085524,-0.270545,-0.278187,0.4695,0.624894,0.38805,1.02229,-2.34227,1
149291,645085524,0.304884,0.0784739,0.0275561,0.345473,0.314821,0.0874178,0.251921,1
149291,645085524,-0.332965,1.454,12.3176,12.4076,1.49164,2.80795,1.79591,5
149291,645085524,0.56874,-0.0354757,1.88876,1.97778,0.569845,1.91347,-0.0622952,1
149291,645085524,0.671819,0.70584,3.52139,3.65639,0.974449,1.9965,0.810088,1
149291,645085524,-0.189106,-0.388374,-2.63024,2.66913,0.431967,-2.5063,-2.02392,1
149291,645085524,0.243811,-0.475887,-3.30413,3.35003,0.534707,-2.52084,-1.09733,1
149291,645085524,0.135709,-0.078415,-1.02485,1.03677,0.156735,-2.57669,-0.523948,4
149291,645085524,-0.454184,0.377614,-3.42467,3.47803,0.590657,-2.45803,2.44799,1
149291,645085524,-2.82754,0.424736,-24.0605,24.2298,2.85926,-2.82667,2.99249,5
149291,645085524,-0.444872,-0.269279,2.42212,2.48125,0.520022,2.24301,-2.59729,1
149291,645085524,-0.525005,0.12993,2.65638,2.71088,0.540844,2.29494,2.89898,4
149291,645085524,-0.201618,0.0937798,1.20248,1.22287,0.222361,2.38943,2.70622,5
149291,645085524,-0.100969,-0.419554,0.859847,0.97213,0.431532,1.4403,-1.80696,1
149291,645085524,-0.438757,-0.0205926,-0.0905445,0.469692,0.43924,-0.204706,-3.09469,1
149291,645085524,0.275665,-0.121165,-0.145582,0.362417,0.301118,-0.466378,-0.41412,1
149291,645085524,0.154152,0.397508,-4.09771,4.11983,0.426351,-2.95876,1.20085,5
149291,645085524,-0.640472,-0.116125,-0.226852,0.7033,0.650914,-0.341818,-2.96223,1
149291,645085524,0.151764,0.39945,-1.80074,1.856,0.427309,-2.14538,1.20771,1
149291,645085524,-0.232296,-0.263003,-1.66643,1.70869,0.350902,-2.26199,-2.29428,1
149291,645085524,0.335736,-0.162039,-0.636775,0.750957,0.372794,-1.30493,-0.449661,1
149291,645085524,0.431131,-0.0839645,0.024067,0.461501,0.439231,0.054766,-0.192346,1
149291,645085524,0.549615,0.163782,-0.0660423,0.593922,0.5735,-0.114904,0.289615,1
149291,645085524,-0.194739,0.350645,-1.11694,1.19495,0.401092,-1.74808,2.07776,1
149291,645085524,-0.168861,-0.101351,-0.110658,0.265539,0.196942,-0.535864,-2.60102,1
149291,645085524,-0.348726,-0.111675,-0.26988,0.475811,0.366171,-0.682741,-2.83168,1
149291,645085524,-0.0920064,0.00108109,0.107127,0.19855,0.0920127,0.992891,3.12984,1
149291,645085524,-0.0706129,-0.0903556,-0.134885,0.225442,0.114675,-1.00067,-2.23415,1
149291,645085524,-0.0495875,-0.161792,-0.0295042,0.221328,0.169221,-0.173482,-1.8682,1
149291,645085524,0.0861871,-0.223586,0.370719,0.462959,0.239623,1.2206,-1.20287,1
149291,645085524,0.204202,-0.256216,0.0708763,0.363109,0.327636,0.214674,-0.897893,1
149291,645085524,0.155474,-0.315488,-0.116185,0.395833,0.351717,-0.324606,-1.11292,1
149291,645085524,0.269347,-0.098576,0.376762,0.493654,0.286819,1.08671,-0.350841,1
149291,645085524,0.142278,-0.0962024,0.213387,0.307428,0.171749,1.04286,-0.594546,1
149291,645085524,0.29365,0.00461851,0.178191,0.370787,0.293686,0.574595,0.0157267,1
149291,645085524,0.349866,0.186986,0.654792,0.778205,0.396699,1.2755,0.490827,1
149291,645085524,0.209053,0.204186,-0.504577,0.599561,0.292224,-1.31427,0.773621,1
149291,645085524,-0.110297,0.156776,-1.83114,1.84114,0.191688,-2.9527,2.18389,5
149291,645085524,0.0576997,0.146553,-0.170053,0.270564,0.157503,-0.936612,1.19572,1
149291,645085524,0.0992505,0.227448,-0.257028,0.383571,0.24816,-0.906417,1.15934,1
149291,645085524,0.105269,0.320043,0.710188,0.798346,0.336911,1.49089,1.25302,1
149291,645085524,-0.00972417,0.316076,0.0758756,0.353887,0.316226,0.237696,1.60155,1
149291,645085524,-0.0832256,0.219013,-0.17547,0.324288,0.234293,-0.692294,1.93395,1
149291,645085524,-0.112386,0.230607,-0.971067,1.01403,0.256535,-2.04128,2.02427,1
149291,645085524,-0.480718,0.295079,-0.476773,0.751634,0.564058,-0.767618,2.59107,1
149291,645085524,-0.189665,0.170305,0.143266,0.324008,0.254905,0.536001,2.40992,1
149291,645085524,-0.329352,0.222989,0.0234917,0.422171,0.39774,0.0590288,2.54643,1
149291,645085524,-0.189962,-0.270685,2.11123,2.13697,0.33069,2.55307,-2.18272,5
149291,645085524,-0.261061,-0.0879368,1.0636,1.10753,0.275473,2.06044,-2.81669,1
149291,645085524,0.444495,-0.63359,5.14225,5.20017,0.773959,2.59249,-0.959032,4
149291,645085524,0.144737,-0.186941,1.42972,1.44914,0.236422,2.49953,-0.911961,4
149291,645085524,-0.0292195,-0.195743,0.892092,0.92438,0.197912,2.21098,-1.71898,1
149291,645085524,0.0636392,-0.238088,1.39574,1.42419,0.246446,2.43489,-1.30961,1
149291,645085524,-0.070735,0.0642346,0.576002,0.600323,0.0955485,2.49643,2.40432,1
149291,645085524,-0.15317,-0.260161,-1.30412,1.34587,0.301902,-2.16947,-2.1029,1
149291,645085524,0.325009,0.137219,-1.97869,2.01473,0.352789,-2.42532,0.399498,1
149291,645085524,-0.0104949,0.276519,-1.29244,1.32908,0.276718,-2.24571,1.60873,1
149291,645085524,-0.205897,-0.151972,-0.0891579,0.304825,0.255909,-0.341708,-2.50575,1
149291,645085524,0.271201,-0.357474,-1.46827,1.54164,0.448706,-1.90119,-0.921776,1
149291,645085524,0.0411764,-0.420254,2.01493,2.06342,0.422267,2.26665,-1.47313,1
149291,645085524,-1.49863,-0.0495663,-1.8934,2.41926,1.49945,-1.05552,-3.10853,1
149291,645085524,0.13283,0.893068,-1.24663,1.54557,0.902892,-1.12672,1.42314,1
149291,645085524,0.151584,0.200682,0.64826,0.709205,0.251497,1.67567,0.923884,1
149291,645085524,-0.0223623,-0.224002,0.814839,0.856808,0.225115,1.99808,-1.6703,1
149291,645085524,0.0818719,0.352095,0.963906,1.03888,0.361489,1.70735,1.34233,1
149291,645085524,-0.488287,0.0200355,-1.78315,1.85416,0.488697,-2.00581,3.10058,1
149291,645085524,0.42812,0.360154,0.298536,0.649308,0.559462,0.511072,0.69939,1
149291,645085524,0.794859,0.939441,0.731118,1.43818,1.23059,0.563776,0.868572,1
149291,645085524,-0.393476,-0.425788,-1.62343,1.72949,0.579757,-1.7533,-2.31677,1
149291,645085524,0.0649802,-0.159512,-0.53821,0.565099,0.17224,-1.85718,-1.18395,4
149291,645085524,1.3081,-0.559241,-4.0098,4.25698,1.42263,-1.75946,-0.404005,1
149291,645085524,-0.274454,-0.0015847,-1.55677,1.58078,0.274458,-2.43639,-3.13582,4
149291,645085524,-0.190346,-0.350805,-1.4549,1.50865,0.399118,-2.00488,-2.06794,4
149291,645085524,-0.15878,-0.139053,0.782263,0.810236,0.211061,2.02091,-2.42233,4
149291,645085524,-0.237148,0.027527,-1.14281,1.16748,0.23874,-2.26976,3.02603,4
149291,645085524,-0.0186901,-0.177918,-0.583163,0.609986,0.178897,-1.89754,-1.67546,4
149291,645085524,2.34931,0.629277,-76.8239,76.8624,2.43213,-4.14615,0.261713,6
149291,645085524,0.243431,0.113634,-8.48555,8.48981,0.268647,-4.14612,0.436739,6
149291,645085524,-0.69786,-0.187068,-26.4462,26.4561,0.722498,-4.29349,-2.87969,7
149291,645085524,0.249917,-0.212299,-25.9409,25.943,0.327916,-5.06401,-0.704191,7
149291,645085524,0.27745,-0.235074,-23.1619,23.1647,0.363646,-4.84729,-0.702906,6
149291,645085524,0.0180498,-0.0316675,-2.26791,2.2682,0.0364503,-4.82388,-1.05274,7
149291,645085524,0.0397707,-0.0401075,-2.95188,2.95242,0.0564829,-4.6495,-0.789615,7
149291,645085524,0.158715,-0.279426,24.9971,24.9991,0.321356,5.04715,-1.05423,7
149291,645085524,0.169474,-0.143964,17.3372,17.3386,0.222367,5.04947,-0.704191,7
149291,645085524,0.0235275,-0.00867924,1.95881,1.95897,0.0250774,5.05131,-0.353409,7
149291,645085524,0.199109,-0.0732421,13.0522,13.0539,0.212153,4.81262,-0.352487,7
149291,645085524,0.248027,-0.000409087,15.6113,15.6132,0.248027,4.83542,-0.00164936,6
149291,645085524,0.0260386,-0.0122433,1.48398,1.48426,0.0287734,4.63627,-0.439524,7
149291,645085524,0.0106078,-0.062786,4.94072,4.94113,0.0636758,5.04465,-1.40342,7
149291,645085524,0.0210958,-0.123723,7.68117,7.6822,0.125509,4.80737,-1.40191,7
149291,645085524,0.13604,-0.238675,16.8464,16.8486,0.274723,4.80934,-1.05274,7
149291,645085524,0.0168706,-0.0641858,3.41009,3.41074,0.0663659,4.63255,-1.31377,7
149291,645085524,0.00686525,-0.0829303,4.27227,4.27308,0.0832139,4.63173,-1.4882,7
149291,645085524,-0.0112287,-0.122114,6.2909,6.29209,0.12263,4.63093,-1.66249,7
149291,645085524,-0.0675333,-0.248015,13.1766,13.1791,0.257045,4.63019,-1.83665,7
149291,645085524,-0.0110986,-0.121653,5.25511,5.25653,0.122158,4.45492,-1.66178,7
149291,645085524,-0.00879357,-0.0970228,3.52191,3.52326,0.0974205,4.28106,-1.66118,7
149291,645085524,-0.0194349,-0.215635,6.5707,6.57427,0.216509,4.10616,-1.66068,7
149291,645085524,-0.0454023,-0.506133,12.9414,12.9514,0.508166,3.93091,-1.66026,7
149291,645085524,-0.114579,-0.424199,11.1861,11.1947,0.439401,3.93054,-1.83461,7
149291,645085524,-0.0814271,-0.911338,19.9991,20.02,0.914969,3.77822,-1.65991,6
149291,645085524,-1.02559,0.476278,29.4094,29.4312,1.13079,3.95192,2.70684,6
149291,645085524,-0.128216,0.0341845,3.37551,3.37811,0.132695,3.92978,2.88104,7
149291,645085524,-0.186805,0.049845,4.13047,4.13499,0.19334,3.75539,2.88084,7
149291,645085524,-0.221819,0.154706,7.03566,7.04086,0.270439,3.95222,2.53258,6
149291,645085524,-0.0828741,0.0825293,2.97784,2.98013,0.116958,3.93067,2.35828,7
149291,645085524,-0.394331,0.392953,12.1656,12.1783,0.556694,3.77802,2.35794,6
149291,645085524,-0.124108,0.123493,5.31188,5.31476,0.17508,4.10587,2.35868,7
149291,645085524,-0.142145,0.201851,7.49357,7.49764,0.246878,4.10632,2.18434,7
149291,645085524,-0.159989,0.226942,10.0401,10.0439,0.277667,4.28125,2.18485,7
149291,645085524,-0.204945,0.0950997,6.84951,6.85323,0.225934,4.10511,2.70714,7
149291,645085524,-0.0719518,0.0333561,2.86349,2.86459,0.0793075,4.2798,2.70749,7
149291,645085524,1.91927,0.699454,163.33,163.343,2.04276,5.07466,0.349478,6
149291,645085524,-0.539835,0.143791,-17.1794,17.1885,0.558657,-4.11934,2.88128,7
149291,645085524,-0.18871,0.0163116,-5.82343,5.82651,0.189414,-4.11912,3.05537,7
149291,645085524,-0.25727,0.0221861,-9.66064,9.66409,0.258225,-4.31531,3.05557,6
149291,645085524,-0.0769448,0.863666,15.15,15.1748,0.867087,3.55458,1.65965,7
149291,645085524,0.477772,0.479054,-21.364,21.3747,0.676579,-4.14581,0.786738,6
149291,645085524,0.170474,0.170858,-6.25519,6.25984,0.241358,-3.9484,0.786522,7
149291,645085524,0.232337,0.332851,-10.7472,10.7549,0.405919,-3.96976,0.9614,6
149291,645085524,0.555205,0.794663,-18.0713,18.0973,0.969403,-3.61927,0.960966,6
149291,645085524,2.05308,-0.181791,-65.0916,65.1242,2.06111,-4.14595,-0.0883154,6
149291,645085524,0.114787,-0.0101443,-2.98683,2.98905,0.115235,-3.94852,-0.0881462,7
149291,645085524,0.120756,-0.0325183,-3.24085,3.24326,0.125058,-3.94833,-0.263048,7
149291,645085524,0.45589,-0.213462,-13.3267,13.3362,0.50339,-3.96966,-0.437912,6
149291,645085524,0.245324,-0.114959,-8.36886,8.37324,0.270923,-4.12385,-0.438216,7
149291,645085524,0.287936,-0.135055,-11.7098,11.7142,0.318036,-4.29935,-0.438578,7
149291,645085524,0.0385473,-0.0181006,-1.86714,1.86763,0.0425855,-4.47393,-0.439006,7
149291,645085524,0.130399,-0.0916105,-3.46453,3.4682,0.159362,-3.77283,-0.612429,7
149291,645085524,0.251931,-0.176897,-5.61438,5.62281,0.307833,-3.59743,-0.612177,7
149291,645085524,0.584999,-0.273582,-12.0382,12.0555,0.645811,-3.6192,-0.437445,6
149291,645085524,0.310457,-0.217894,-5.80394,5.81632,0.379291,-3.4222,-0.611966,7
149291,645085524,0.221178,-0.221724,-4.79132,4.80155,0.313179,-3.422,-0.786632,7
149291,645085524,0.369865,0.259812,23.8514,23.8557,0.451998,4.65916,0.612368,6
149291,645085524,0.193239,0.0902711,11.013,11.0151,0.213285,4.63745,0.437021,7
149291,645085524,0.0931815,0.0435167,4.44836,4.44955,0.102842,4.46038,0.436909,7
149291,645085524,0.15575,0.0417125,6.97453,6.9764,0.161239,4.46042,0.261677,7
149291,645085524,0.148401,0.0397476,5.57976,5.58188,0.153632,4.28568,0.261696,7
149291,645085524,0.554345,0.258822,22.711,22.7192,0.611791,4.30754,0.436817,6
149291,645085524,0.333795,0.155816,11.4712,11.4771,0.368372,4.1319,0.436739,6
149291,645085524,0.136215,0.0955591,5.06861,5.07134,0.166392,4.10989,0.611752,7
149291,645085524,0.0947915,0.0442413,2.67264,2.67469,0.104608,3.93414,0.436673,7
149291,645085524,0.162991,0.0436606,4.3112,4.3145,0.168737,3.93416,0.261727,7
149291,645085524,0.0853859,0.0074287,2.18973,2.19141,0.0857085,3.93411,0.0867829,7
149291,645085524,0.0939171,0.0791679,7.56211,7.5631,0.122833,4.81329,0.70039,7
149291,645085524,0.0198624,0.0347159,2.45965,2.45997,0.0399964,4.8122,1.05111,7
149291,645085524,-0.463048,-0.323506,-21.131,21.1385,0.564863,-4.31524,-2.53178,6
149291,645085524,-0.415908,-0.414589,-21.9736,21.9814,0.587251,-4.31547,-2.35778,6
149291,645085524,-0.125958,-0.125483,-7.7448,7.74684,0.177796,-4.46742,-2.35808,7
149291,645085524,-0.0409638,-0.0581957,-3.10123,3.10204,0.0711672,-4.4678,-2.18413,7
149291,645085524,-0.267766,-0.572367,-11.5002,11.5176,0.631904,-3.59528,-2.00837,7
149291,645085524,0.176521,-0.380879,-10.8607,10.8688,0.419796,-3.94665,-1.13681,7
149291,645085524,0.0430182,-0.16208,-4.33662,4.33986,0.167692,-3.94624,-1.31136,7
149291,645085524,-0.579054,-0.0508587,-10.5734,10.5894,0.581283,-3.59476,-3.05399,7
149291,645085524,-0.748348,-0.0657768,-16.6354,16.6523,0.751233,-3.79123,-3.05392,6
149291,645085524,-0.345157,0.0299415,-7.67266,7.68048,0.346453,-3.79133,3.05506,6
149291,645085524,-0.0851942,0.145693,10.3225,10.3238,0.168774,4.80673,2.09993,7
149291,645085524,-0.0578106,0.0480432,4.58908,4.5897,0.0751679,4.80492,2.44821,7
149291,645085524,-0.0217969,0.0216146,1.57398,1.57428,0.0306968,4.63044,2.36039,7
149291,645085524,-0.0375616,0.0531298,3.33882,3.33946,0.0650665,4.63121,2.18619,7
149291,645085524,0.222232,-0.223342,-9.72502,9.73012,0.315069,-4.12307,-0.787889,7
149291,645085524,0.106127,-0.106758,-5.5374,5.53945,0.150533,-4.29843,-0.788366,7
149291,645085524,-0.353568,-0.0947655,9.30826,9.31545,0.366047,3.92943,-2.87972,7
149291,645085524,-0.116267,-0.0311644,3.64662,3.64861,0.120371,4.10439,-2.87971,7
149291,645085524,0.984198,0.45918,-16.9904,17.025,1.08604,-3.44427,0.436534,6
149291,645085524,0.155322,-0.582932,-9.22289,9.2426,0.60327,-3.42129,-1.3104,7
149291,645085524,-0.0759981,0.846048,22.1422,22.1585,0.849454,3.95416,1.66038,6
149291,645085524,-0.085307,0.315381,8.51278,8.51904,0.326715,3.95375,1.83496,6
149291,645085524,-0.118911,0.253453,7.13358,7.13907,0.279961,3.93145,2.00947,7
149291,645085524,-0.0556288,0.118686,2.80421,2.80727,0.131076,3.75679,2.0091,7
149291,645085524,-0.113236,0.419267,9.50015,9.51007,0.43429,3.77902,1.83458,6
149291,645085524,-0.0712871,0.152219,3.01751,3.02218,0.168085,3.58164,2.00878,7
149291,645085524,-0.00536977,0.0594815,1.81545,1.81643,0.0597234,4.10778,1.66083,7
149291,645085524,0.0133574,0.157435,4.80512,4.80771,0.158001,4.10825,1.48616,7
149291,645085524,-0.124864,0.0449682,-8.2093,8.21037,0.132715,-4.81803,2.79592,7
149291,645085524,-0.0452794,0.0162606,-3.76913,3.76943,0.0481106,-5.05428,2.79682,7
149291,645085524,-0.0195826,-4.04493E-005,-1.53245,1.53258,0.0195826,-5.05317,-3.13953,7
149291,645085524,-0.414908,0.110062,-22.7791,22.7832,0.429257,-4.66478,2.8823,6
149291,645085524,-0.12409,0.0329708,-5.5936,5.59508,0.128396,-4.46754,2.88189,7
149291,645085524,-0.145458,-0.0128678,-7.57891,7.58031,0.146026,-4.64258,-3.05336,7
149291,645085524,-0.0639569,-0.0171472,-3.43633,3.43697,0.0662156,-4.64248,-2.87965,7
149291,645085524,-0.0375086,-0.00331227,-1.63959,1.64002,0.0376545,-4.46703,-3.05351,7
149291,645085524,0.197167,0.011251,-8.68524,8.68748,0.197487,-4.47698,0.0570017,7
149291,645085524,0.168364,-0.0149826,7.30945,7.3114,0.169029,4.46013,-0.0887556,7
149291,645085524,0.0112165,0.135118,-7.08227,7.08357,0.135583,-4.64901,1.48797,7
149291,645085524,0.0302105,0.360779,-16.1956,16.1996,0.362042,-4.49401,1.48725,6
149291,645085524,-0.00409812,0.044816,-1.96884,1.96935,0.0450029,-4.47175,1.66199,7
149291,645085524,-0.0803759,0.295235,-13.6691,13.6725,0.305981,-4.49264,1.8366,6
149291,645085524,-0.0161364,0.0878255,6.94036,6.94093,0.0892955,5.04635,1.7525,7
149291,645085524,-0.0783996,0.290282,-6.52918,6.5361,0.300683,-3.77166,1.83458,7
149291,645085524,-0.0793106,0.169212,-4.05653,4.06083,0.186877,-3.77131,2.0091,7
149291,645085524,-0.230763,-0.0618507,-6.16419,6.16881,0.238908,-3.94395,-2.87972,7
149291,645085524,-0.0983962,-0.0458423,-2.80084,2.80294,0.108551,-3.94398,-2.7056,7
149291,645085524,-0.125289,-0.0875901,-3.94474,3.94771,0.15287,-3.94407,-2.53147,7
149291,645085524,-0.102369,-0.0476999,-2.4474,2.45001,0.112937,-3.76963,-2.70555,7
149291,645085524,0.0287657,0.334772,-6.12566,6.13487,0.336006,-3.59701,1.48508,7
149291,645085524,-0.00957747,0.107448,-1.96608,1.96904,0.107874,-3.59673,1.6597,7
149291,645085524,0.0454151,0.17046,-3.21686,3.22169,0.176406,-3.59727,1.31042,7
149291,645085524,0.147169,0.551088,6.05212,6.07894,0.570401,3.05718,1.30984,7
149291,645085524,0.0954199,-0.137206,6.0557,6.05801,0.167124,4.28336,-0.963129,7
149291,645085524,0.0480099,-0.0691239,3.63042,3.6314,0.0841609,4.45765,-0.963738,7
149291,645085524,0.0740678,-0.0745932,4.53744,4.53865,0.10512,4.4583,-0.788932,7
149291,645085524,-0.123419,-0.0574654,-5.92778,5.92934,0.136142,-4.46699,-2.70583,7
149291,645085524,-0.040813,0.150293,5.6377,5.63985,0.155736,4.28241,1.83596,7
149291,645085524,-0.0343843,-0.0588845,-5.34486,5.3453,0.0681884,-5.0548,-2.09931,7
149291,645085524,0.141052,-0.528214,-5.09442,5.12367,0.546722,-2.92797,-1.30985,7
149291,645085524,0.116178,-0.250222,-5.02756,5.03512,0.275877,-3.59663,-1.13612,7
149291,645085524,-0.115447,-0.11514,4.9412,4.94389,0.16305,4.10473,-2.35753,7
149291,645085524,0.187318,0.268012,4.93248,4.9433,0.326984,3.40793,0.960799,7
149291,645085524,0.143122,0.204717,3.16004,3.16989,0.249786,3.23244,0.960659,7
149291,645085524,-0.0993439,-0.0462556,4.70259,4.70386,0.109585,4.45245,-2.70583,7
149291,645085524,0.121638,-0.174417,4.55336,4.55832,0.212643,3.7577,-0.961821,7
149291,645085524,-0.0359842,-0.0617711,4.35998,4.36057,0.071488,4.80391,-2.09828,7
149291,645085524,-0.0424035,-0.0354196,3.36605,3.36651,0.0552504,4.80283,-2.4457,7
149291,645085524,-0.0370806,-0.0134827,2.4027,2.40303,0.0394557,4.80239,-2.79285,7
149291,645085524,-0.0361694,0.198553,-12.8231,12.8247,0.201821,-4.84483,1.75099,6
149291,645085524,-0.00822592,0.0447711,-3.58982,3.59011,0.0455205,-5.06088,1.7525,7
149291,645085524,-0.0264326,0.0450499,-4.10881,4.10914,0.052232,-5.05838,2.10141,7
149291,645085524,-0.0677423,-0.0963196,4.25116,4.25279,0.117756,4.27967,-2.18374,7
149291,645085524,-0.111626,-0.159002,-4.21171,4.21618,0.194273,-3.77004,-2.18289,7
149291,645085524,0.351963,-0.164404,4.12264,4.1409,0.388467,3.0574,-0.436989,7
149291,645085524,0.184201,0.129122,-4.10499,4.11115,0.22495,-3.59798,0.611389,7
149291,645085524,-0.0501535,-0.0418931,-4.03955,4.04007,0.0653483,-4.81737,-2.4457,7
149291,645085524,-0.0315077,0.0667435,-3.84588,3.84659,0.0738067,-4.64655,2.01185,7
149291,645085524,-0.0623919,0.0619542,-3.8363,3.83731,0.0879265,-4.46904,2.35971,7
149291,645085524,-0.12531,0.267915,-3.79246,3.80397,0.295772,-3.24585,2.00829,7
149291,645085524,-0.0717946,0.266688,-3.54201,3.55276,0.276183,-3.24605,1.83377,7
149291,645085524,-0.126102,0.269609,3.76135,3.77311,0.297642,3.23135,2.00829,7
149291,645085524,-0.285166,-0.0250175,-3.66692,3.67808,0.286262,-3.24487,-3.05409,7
149291,645085524,-0.0633807,0.0293107,3.5759,3.57658,0.0698301,4.62915,2.70843,7
149291,645085524,0.331498,-0.0291244,3.53224,3.54788,0.332775,3.05758,-0.087632,7
149291,645085524,-0.226789,0.113824,-4.62764,4.63459,0.25375,-3.59735,2.67643,7
149291,645085524,-0.524155,0.243823,-9.02182,9.04033,0.57809,-3.44184,2.70619,6
149291,645085524,0.28491,-0.133084,-3.3861,3.40067,0.31446,-3.07187,-0.436989,7
149291,645085524,0.0657729,0.0659833,3.38233,3.38361,0.0931658,4.28528,0.786995,7
149291,645085524,0.044686,0.0448563,2.73749,2.73822,0.0633161,4.45994,0.7873,7
149291,645085524,0.186919,0.0162892,3.37466,3.37988,0.187627,3.58351,0.0869261,7
149291,645085524,0.128064,-0.183414,3.37221,3.37962,0.223698,3.40727,-0.961262,7
149291,645085524,0.0759813,-0.108771,1.67761,1.68285,0.132681,3.23189,-0.961047,7
149291,645085524,0.0784546,-0.168759,2.35262,2.35997,0.186104,3.23169,-1.13563,7
149291,645085524,0.176091,0.0153456,-3.22573,3.23057,0.176759,-3.59803,0.0869261,7
149291,645085524,0.121205,0.0105545,-2.64687,2.64966,0.121664,-3.77355,0.0868606,7
149291,645085524,0.074604,-0.160681,3.18188,3.1868,0.177156,3.58212,-1.13612,7
149291,645085524,0.236936,0.166014,-3.1159,3.1293,0.289308,-3.07207,0.611174,7
149291,645085524,-0.0692436,0.0984185,-3.1099,3.11222,0.120337,-3.94557,2.18391,7
149291,645085524,-0.0985619,0.0687413,-3.10324,3.10557,0.120166,-3.94485,2.53258,7
149291,645085524,-0.165508,-0.115782,-3.08402,3.09063,0.201986,-3.42001,-2.53117,7
149291,645085524,-0.114242,-0.114091,-2.46543,2.47071,0.161456,-3.42011,-2.35686,7
149291,645085524,-0.612708,-0.285561,-10.546,10.5677,0.675985,-3.4415,-2.70546,6
149291,645085524,0.0470212,0.03303,-3.00998,3.01052,0.0574628,-4.65179,0.612368,7
149291,645085524,-0.017344,-0.195318,-2.99638,3.00279,0.196087,-3.42082,-1.65936,7
149291,645085524,-0.0537712,0.196912,10.7238,10.7258,0.204121,4.65475,1.83737,6
149291,645085524,-0.22101,-0.154652,2.85792,2.87062,0.269745,3.05574,-2.53104,7
149291,645085524,-0.0319296,0.0114664,2.61951,2.61973,0.0339261,5.03975,2.79682,7
149291,645085524,-0.0707042,0.00609728,2.56077,2.56175,0.0709666,4.27919,3.05557,7
149291,645085524,0.0701568,-0.0704506,2.53711,2.53905,0.0994247,3.93291,-0.787487,7
149291,645085524,-0.0526148,-0.112467,2.22713,2.23059,0.124166,3.58077,-2.00837,7
149291,645085524,0.0918744,0.131414,-2.05823,2.06446,0.160345,-3.24693,0.960659,7
149291,645085524,0.0981387,0.140339,-1.84408,1.85201,0.171249,-3.07191,0.960542,7
149291,645085524,0.324309,1.21441,-13.8275,13.8845,1.25697,-3.09316,1.30984,6
149291,645085524,0.0304754,0.0656578,1.84798,1.84939,0.0723857,3.93337,1.13623,7
149291,645085524,0.131672,-0.0353688,1.72497,1.73035,0.13634,3.23252,-0.262418,7
149291,645085524,-0.141186,0.0982012,7.55473,7.55669,0.17198,4.47583,2.53386,6
149291,645085524,0.069159,0.0322734,-1.66039,1.66215,0.0763187,-3.77357,0.436618,7
149291,645085524,0.0102906,0.0180302,-1.64445,1.64458,0.0207601,-5.06532,1.05217,7
149291,645085524,-0.143372,0.0124907,1.5248,1.53157,0.143915,3.05576,3.05469,7
149291,645085524,0.374401,0.315994,39.1496,39.1527,0.489926,5.07408,0.701,6
149291,645085524,0.0449001,0.0786698,7.2282,7.22877,0.0905812,5.07269,1.05217,6
149291,645085524,0.033127,0.195247,15.771,15.7722,0.198037,5.07066,1.40273,6
149291,645085524,0.43635,-0.00091398,34.8783,34.881,0.436351,5.07436,-0.0020946,6
149291,645085524,0.447452,0.163024,29.9815,29.9852,0.476225,4.83565,0.34939,6
149291,645085524,0.105956,0.0283742,5.89998,5.901,0.10969,4.67828,0.261653,6
149291,645085524,2.74521,0.735364,-75.2841,75.3377,2.842,-3.97026,0.261727,6
149291,645085524,0.140576,0.0122304,-3.808,3.81061,0.141107,-3.98883,0.0867829,6
149291,645085524,1.0097,0.0877511,-32.0121,32.0281,1.01351,-4.14609,0.0866899,6
149291,645085524,0.0736899,0.00639601,-2.83741,2.83837,0.073967,-4.34034,0.0865793,6
149291,645085524,0.406054,0.0351902,-18.2772,18.2818,0.407576,-4.49646,0.0864479,6
149291,645085524,0.136346,0.0365158,-6.33025,6.33182,0.141151,-4.49654,0.261677,6
149291,645085524,0.0942415,0.0440118,-4.75218,4.75331,0.104012,-4.51512,0.436909,6
149291,645085524,-0.409027,0.339045,42.0055,42.0089,0.531277,5.06346,2.44947,6
149291,645085524,-0.0902705,0.153851,14.1359,14.137,0.178379,5.06575,2.10141,6
149291,645085524,1.38791,-0.649438,-34.0489,34.0834,1.53234,-3.79465,-0.437659,6
149291,645085524,-0.742614,-0.740636,-32.9537,32.9704,1.04882,-4.14084,-2.35753,6
149291,645085524,-0.485027,-0.338983,-18.5889,18.5983,0.591744,-4.14065,-2.53161,6
149291,645085524,-0.705451,-0.32861,-24.4445,24.4569,0.778232,-4.14053,-2.70566,6
149291,645085524,-0.222637,-0.059676,-7.37585,7.37945,0.230496,-4.15912,-2.87971,6
149291,645085524,-0.810274,-0.0713579,-25.5502,25.5631,0.813411,-4.14056,-3.05375,6
149291,645085524,-0.224586,-0.104595,-9.44097,9.44422,0.247747,-4.33372,-2.70574,6
149291,645085524,-0.12074,-0.0843184,-6.55321,6.55486,0.147267,-4.48873,-2.53198,6
149291,645085524,-0.822459,-0.820621,-30.64,30.662,1.16183,-3.96581,-2.35731,6
149291,645085524,-0.0679722,-0.0678446,-2.16705,2.16918,0.096037,-3.81003,-2.35713,6
149291,645085524,-0.644332,-0.450569,-17.4116,17.4294,0.786242,-3.79129,-2.53135,6
149291,645085524,-0.268313,-0.187666,-6.08621,6.09501,0.32743,-3.61638,-2.53125,6
149291,645085524,-0.735376,-0.342697,-15.0794,15.1012,0.811307,-3.61631,-2.7055,6
149291,645085524,-0.797424,-0.213713,-15.3442,15.3664,0.825565,-3.61629,-2.87974,6
149291,645085524,-0.121378,-0.032531,-2.83486,2.83764,0.125662,-3.80979,-2.87973,6
149291,645085524,-0.118841,0.0317102,-2.77561,2.77833,0.122999,-3.81009,2.88084,6
149291,645085524,-0.453485,0.120907,-12.378,12.3869,0.469326,-3.96588,2.88104,6
149291,645085524,-0.304002,0.0263285,-8.19753,8.20321,0.30514,-3.98431,3.0552,6
149291,645085524,-0.103024,0.0478436,-3.05292,3.05504,0.113591,-3.98474,2.70684,6
149291,645085524,0.0428536,-0.253643,-20.6939,20.6955,0.257238,-5.08078,-1.40342,6
149291,645085524,0.0912766,-0.160697,-14.9046,14.9058,0.18481,-5.08328,-1.05423,6
149291,645085524,-0.249349,-0.000515049,19.6574,19.6589,0.24935,5.06054,-3.13953,6
149291,645085524,-0.185725,-0.067513,15.5744,15.5757,0.197615,5.06025,-2.79293,6
149291,645085524,-0.136426,-0.113819,14.0105,14.0116,0.177671,5.06082,-2.44629,6
149291,645085524,-0.116596,0.428278,19.5488,19.5538,0.443865,4.47842,1.8366,6
149291,645085524,-0.528065,0.140656,16.9292,16.938,0.546477,4.12671,2.88128,6
149291,645085524,-0.623243,0.0539767,16.2629,16.2749,0.625576,3.95149,3.0552,6
149291,645085524,0.568021,1.22047,-15.0893,15.1492,1.34618,-3.11185,1.1352,6
149291,645085524,0.0344196,-0.0126612,-2.3833,2.38358,0.0366745,-4.86736,-0.352487,6
149291,645085524,0.0771538,-0.0208821,-4.27618,4.27692,0.0799297,-4.6729,-0.264323,6
149291,645085524,0.0467295,-0.00417202,-2.55808,2.55851,0.0469154,-4.6919,-0.0890441,6
149291,645085524,0.172654,-0.0811819,-10.2019,10.2037,0.190788,-4.6724,-0.439524,6
149291,645085524,-0.0562078,0.630586,11.6238,11.641,0.633086,3.60409,1.6597,6
149291,645085524,-0.0574857,0.210514,-11.6289,11.6309,0.218222,-4.66897,1.83737,6
149291,645085524,-0.00932635,0.101146,-5.41732,5.41827,0.101575,-4.6698,1.66274,6
149291,645085524,-0.0169356,0.028962,-2.16747,2.16773,0.0335502,-4.86148,2.09993,6
149291,645085524,-0.400722,0.279658,10.6757,10.6869,0.488658,3.77773,2.53229,6
149291,645085524,-0.191211,0.271983,7.26787,7.27547,0.33247,3.77834,2.18355,6
149291,645085524,0.635906,0.445615,10.2345,10.2639,0.776498,3.27331,0.611234,6
149291,645085524,0.263967,0.123144,3.83932,3.85036,0.291278,3.27335,0.436501,6
149291,645085524,0.157318,0.0733973,2.72851,2.73402,0.173598,3.44893,0.436534,6
149291,645085524,0.257081,0.180128,3.47076,3.48493,0.313905,3.09822,0.611174,6
149291,645085524,-0.211464,-0.0186738,9.31201,9.31443,0.212287,4.4744,-3.05351,6
149291,645085524,-0.0701342,-0.00618421,2.64589,2.64683,0.0704063,4.3198,-3.05364,6
149291,645085524,0.286607,-0.0253778,8.95835,8.96297,0.287728,4.13173,-0.0883154,6
149291,645085524,0.19073,0.0165759,5.96158,5.96466,0.191449,4.13187,0.0866899,6
149291,645085524,0.176292,0.0153015,6.69396,6.6963,0.176955,4.32639,0.0865793,6
149291,645085524,0.122348,-0.0108582,4.64565,4.64728,0.122829,4.32622,-0.0885168,6
149291,645085524,0.126577,0.0109696,5.61697,5.61841,0.127051,4.48223,0.0864479,6
149291,645085524,-0.0380065,-0.14089,3.24942,3.2527,0.145926,3.79678,-1.83429,6
149291,645085524,0.129817,0.279686,-8.31497,8.32069,0.308345,-3.98808,1.13623,6
149291,645085524,-0.129299,0.479863,-7.76439,7.78028,0.496977,-3.44293,1.834,6
149291,645085524,-0.0587739,0.217893,-4.28075,4.28669,0.22568,-3.6366,1.83426,6
149291,645085524,-0.159475,0.11104,7.31159,7.31417,0.194325,4.32101,2.53336,6
149291,645085524,-0.0945394,0.0656717,6.02884,6.02994,0.115111,4.65165,2.53447,6
149291,645085524,0.646248,0.0564086,7.03854,7.06837,0.648705,3.07944,0.0870656,6
149291,645085524,-0.0155683,-0.0850921,6.84432,6.84487,0.0865046,5.06416,-1.75175,6
149291,645085524,0.0613246,0.0881362,5.6614,5.66242,0.107372,4.65837,0.962899,6
149291,645085524,0.0359331,0.0777834,4.51518,4.51599,0.0856822,4.65779,1.13804,6
149291,645085524,0.0685716,-0.00014363,-5.55959,5.56001,0.0685718,-5.08858,-0.0020946,6
149291,645085524,-0.129797,0.0601724,-5.35562,5.35753,0.143066,-4.31592,2.70749,6
149291,645085524,-0.0813056,0.115331,-5.29005,5.29193,0.14111,-4.31737,2.18485,6
149291,645085524,-0.0530255,0.112733,4.60706,4.60874,0.124581,4.30372,2.01046,6
149291,645085524,-0.0307382,0.0654404,2.28702,2.28816,0.0723,4.14758,2.00992,6
149291,645085524,-0.192722,-0.0169395,4.30415,4.30849,0.193465,3.79589,-3.05392,6
149291,645085524,-0.220888,-0.0591987,4.27023,4.27635,0.228683,3.62095,-2.87974,6
149291,645085524,0.0196446,0.074527,-4.19429,4.195,0.0770726,-4.68996,1.31307,6
149291,645085524,-0.0249029,-0.0916916,4.17528,4.17636,0.0950132,4.4762,-1.83599,6
149291,645085524,-0.052505,-0.111982,3.90654,3.90849,0.12368,4.14611,-2.00923,6
149291,645085524,-0.0343477,-0.0286559,-3.64518,3.64545,0.0447317,-5.09366,-2.44629,6
149291,645085524,0.0595296,-0.0419634,-3.3227,3.3235,0.0728334,-4.51363,-0.614017,6
149291,645085524,0.08257,0.177557,-3.11958,3.12572,0.195817,-3.4624,1.13551,6
149291,645085524,0.0317567,0.0685521,2.85495,2.85595,0.0755505,4.32533,1.13698,6
149291,645085524,0.0335186,0.0282547,-2.85079,2.85112,0.0438386,-4.86804,0.70039,6
149291,645085524,0.0353769,0.0128891,-2.44958,2.44987,0.0376518,-4.8685,0.34939,6
149291,645085524,-0.0819361,-0.11676,-2.70197,2.70573,0.142641,-3.63525,-2.18269,6
149291,645085524,-0.0438815,-0.0306575,2.01188,2.01259,0.0535301,4.3199,-2.53178,6
149291,645085524,-0.840487,-2.66124,-3.40816,4.40502,2.79081,-1.02948,-1.87671,5
149291,645085524,-0.275608,0.588839,-3.6672,3.72439,0.650146,-2.4309,2.00856,5
149291,645085524,-0.120754,-0.257779,2.61187,2.62733,0.28466,2.91263,-2.00888,5
149291,645085524,-1.12336,-0.465237,-1.83422,2.20063,1.21589,-1.19949,-2.74895,5
149291,645085524,-0.243462,0.169776,2.72098,2.73712,0.296812,2.91176,2.53265,5
149291,645085524,-0.256279,0.0683157,2.43006,2.44449,0.265228,2.91119,2.88108,5
149291,645085524,-0.0785567,-0.29114,-2.4166,2.43534,0.301552,-2.77819,-1.83434,5
149291,645085524,0.618003,-0.195077,-0.978657,1.17378,0.648061,-1.20037,-0.305759,5
149291,645085524,0.508774,-0.799599,-0.0845009,0.951499,0.94774,-0.0890427,-1.00412,5
149291,645085524,0.115865,0.883688,-0.00188897,0.891253,0.891251,-0.00211946,1.44042,5
149291,645085524,0.326032,0.188333,3.2374,3.25922,0.376519,2.84807,0.523825,4
149291,645085524,0.345718,-0.172362,-3.50483,3.52606,0.386303,-2.90145,-0.462498,4
149291,645085524,-0.210557,0.256148,-3.0943,3.11201,0.331581,-2.92945,2.25882,4
149291,645085524,0.437682,0.262833,-4.13822,4.16959,0.510535,-2.78949,0.540796,4
149291,645085524,-0.148131,-0.217464,2.12662,2.14284,0.263123,2.78662,-2.16878,4
149291,645085524,-0.425976,-0.239099,3.59564,3.62867,0.488491,2.69388,-2.63012,4
149291,645085524,1.60789,-0.0924375,-1.17822,1.99551,1.61054,-0.678336,-0.0574267,4
149291,645085524,0.147541,0.114171,0.993403,1.01077,0.186556,2.37425,0.658574,4
149291,645085524,0.360307,0.859517,0.644506,1.13313,0.931982,0.645725,1.17385,4
149291,645085524,-0.120158,-0.319493,-1.25899,1.30444,0.341341,-2.01622,-1.93052,4
149291,645085524,0.0640904,-0.226503,-0.681217,0.720741,0.235396,-1.78436,-1.29505,4
149291,645085524,-0.134578,-0.248069,-0.692701,0.747987,0.282223,-1.63018,-2.06787,4
149291,645085524,0.328556,-0.885764,-0.164205,0.9589,0.944736,-0.172947,-1.2156,4
149291,645085524,-0.199586,-0.435852,-0.765858,0.903515,0.479376,-1.24772,-2.00022,4
149291,645085524,0.0181978,0.880023,-1.42563,1.67547,0.880211,-1.25935,1.55012,4
149291,645085524,-0.0401095,0.35317,-0.572457,0.673828,0.35544,-1.25457,1.68388,4
149291,645085524,0.0519996,-0.285896,-0.40235,0.496312,0.290586,-1.12901,-1.39088,4
149291,645085524,-0.180774,0.391819,0.386994,0.579625,0.431511,0.806512,2.00307,4
149291,645085524,-0.0495526,-0.179943,0.367134,0.411852,0.186641,1.4288,-1.83951,4
149291,645085524,0.102272,-0.396075,0.00953918,0.409177,0.409066,0.0233173,-1.3181,4
149291,645085524,0.0577613,-0.198255,-0.351015,0.407251,0.206498,-1.30074,-1.2873,4
149291,645085524,-0.0288284,0.300364,-0.435065,0.529463,0.301744,-1.16206,1.66648,4
149291,645085524,-0.219038,0.187328,-0.281268,0.402717,0.288218,-0.86422,2.43407,4
149291,645085524,-0.305749,-0.0541144,-0.548337,0.630147,0.310501,-1.3338,-2.96642,4
149291,645085524,0.153405,-0.0699048,0.319467,0.361218,0.168581,1.39568,-0.427575,4
149291,645085524,-0.0829077,-0.221426,0.259796,0.351279,0.236438,0.949532,-1.92906,4
149291,645085524,0.0552038,0.232023,0.232358,0.332975,0.2385,0.863045,1.33722,4
149291,645085524,0.453053,0.0452363,0.227594,0.509021,0.455306,0.481096,0.0995177,4
149291,645085524,0.988489,0.0970442,0.530844,1.1262,0.993242,0.511816,0.0978607,4
149291,645085524,-0.0926057,0.206735,-0.463133,0.515565,0.226528,-1.46335,1.99194,4
149291,645085524,0.286846,-0.0224876,0.117366,0.310743,0.287726,0.397367,-0.0782359,4
149291,645085524,-0.0724923,-0.123405,0.271022,0.306491,0.143122,1.39504,-2.10193,4
149291,645085524,0.0320129,-0.146864,-0.260482,0.300741,0.150313,-1.3174,-1.35618,4
149291,645085524,0.0262922,-0.20417,-0.210125,0.294159,0.205856,-0.89596,-1.44273,4
149291,645085524,0.220931,0.15764,0.104354,0.290776,0.271405,0.3756,0.619748,4
149291,645085524,0.0519516,0.360362,0.19894,0.414893,0.364087,0.522329,1.42762,4
